pieutiwbyo	dziwbyo	dziwbyoNguaidziw	bushyu	bushyuZio	zhiwngjio	thongqitmra
0010004E00	一		一	1	0	U+4E00
0010005F0C	弌		一	1	0	U+5F0C
0010104E01	丁		一	1	1	U+4E01
0010104E03	七		一	1	1	U+4E03
0010204E07	万		一	1	2	U+4E07
0010204E08	丈		一	1	2	U+4E08
0010204E09	三		一	1	2	U+4E09
0010204E0A	上		一	1	2	U+4E0A
0010204E0B	下		一	1	2	U+4E0B
0010205F0E	弎		一	1	2	U+5F0E
001020842C	萬		一	1	2	U+842C
0010304E0F	丏		一	1	3	U+4E0F
0010404E16	世		一	1	4	U+4E16
0010404E18	丘		一	1	4	U+4E18
00104090B1	邱		一	1	4	U+90B1
0010704E26	並		一	1	7	U+4E26
0020004E28	丨		丨	2	0	U+4E28
0020104E29	丩		丨	2	1	U+4E29
0020204E2A	个		丨	2	2	U+4E2A
0020204E2B	丫		丨	2	2	U+4E2B
0020304E2D	中		丨	2	3	U+4E2D
0020404E31	丱		丨	2	4	U+4E31
0020405DE8	巨		丨	2	4	U+5DE8
0020604E32	串		丨	2	6	U+4E32
0030204E4B	之		丶	3	2	U+4E4B
0030304E39	丹		丶	3	3	U+4E39
0030404E3C	丼		丶	3	4	U+4E3C
0040204E45	久		丿	4	2	U+4E45
00402053CA	及		丿	4	2	U+53CA
0040704E56	乖		丿	4	7	U+4E56
0040804E58	乘		丿	4	8	U+4E58
0050104E5D	九		乙	5	1	U+4E5D
0050204E5E	乞		乙	5	2	U+4E5E
0060004E85	亅		亅	6	0	U+4E85
0060104E86	了		亅	6	1	U+4E86
0060304E88	予		亅	6	3	U+4E88
0060308C6B	豫		亅	6	3	U+8C6B
0060504E89	争		亅	6	5	U+4E89
0070004E8C	二		二	7	0	U+4E8C
0070005F0D	弍		二	7	0	U+5F0D
0070204E91	云		二	7	2	U+4E91
0070204E94	五		二	7	2	U+4E94
0070204E95	井		二	7	2	U+4E95
0080104EA1	亡		亠	8	1	U+4EA1
0080404EA4	交		亠	8	4	U+4EA4
0080404EA6	亦		亠	8	4	U+4EA6
0080504EA8	亨		亠	8	5	U+4EA8
0080604EAB	享		亠	8	6	U+4EAB
0080604EAC	京		亠	8	6	U+4EAC
0080704EAD	亭		亠	8	7	U+4EAD
0080704EAE	亮		亠	8	7	U+4EAE
0081104EB6	亶		亠	8	11	U+4EB6
0090004EBA	人		人	9	0	U+4EBA
0090204EC0	什		人	9	2	U+4EC0
0090204EC1	仁		人	9	2	U+4EC1
0090204EC3	仃		人	9	2	U+4EC3
0090204EC4	仄		人	9	2	U+4EC4
0090204EC7	仇		人	9	2	U+4EC7
0090204ECA	今		人	9	2	U+4ECA
0090204ECB	介		人	9	2	U+4ECB
0090304ED4	仔		人	9	3	U+4ED4
0090304ED7	仗		人	9	3	U+4ED7
0090304ED9	仙		人	9	3	U+4ED9
0090304EDF	仟		人	9	3	U+4EDF
0090304EE1	仡		人	9	3	U+4EE1
0090404EF2	仲		人	9	4	U+4EF2
0090404EF5	仵		人	9	4	U+4EF5
0090404EF6	件		人	9	4	U+4EF6
0090404EF7	价		人	9	4	U+4EF7
0090404EFF	仿		人	9	4	U+4EFF
0090404F01	企		人	9	4	U+4F01
0090404F03	伃		人	9	4	U+4F03
0090404F0B	伋		人	9	4	U+4F0B
0090404F0D	伍		人	9	4	U+4F0D
0090404F0F	伏		人	9	4	U+4F0F
0090404F11	休		人	9	4	U+4F11
0090405168	全		人	9	4	U+5168
0090504F2F	伯		人	9	5	U+4F2F
0090504F30	估		人	9	5	U+4F30
0090504F34	伴		人	9	5	U+4F34
0090504F38	伸		人	9	5	U+4F38
0090504F43	佃		人	9	5	U+4F43
0090504F46	但		人	9	5	U+4F46
0090504F4D	位		人	9	5	U+4F4D
0090504F50	佐		人	9	5	U+4F50
0090504F51	佑		人	9	5	U+4F51
0090504F53	体		人	9	5	U+4F53
0090504F58	佘		人	9	5	U+4F58
0090504F59	余		人	9	5	U+4F59
0090504F5A	佚		人	9	5	U+4F5A
0090504F5D	佝		人	9	5	U+4F5D
0090504F5E	佞		人	9	5	U+4F5E
0090504F5F	佟		人	9	5	U+4F5F
0090508EB0	躰		人	9	5	U+8EB0
0090509918	餘		人	9	5	U+9918
0090509AD4	體		人	9	5	U+9AD4
0090604F69	佩		人	9	6	U+4F69
0090604F6A	佪		人	9	6	U+4F6A
0090604F70	佰		人	9	6	U+4F70
0090604F76	佶		人	9	6	U+4F76
0090604F7A	佺		人	9	6	U+4F7A
0090604F7C	佼		人	9	6	U+4F7C
0090604F8B	例		人	9	6	U+4F8B
0090604F8D	侍		人	9	6	U+4F8D
0090604F8F	侏		人	9	6	U+4F8F
0090604F9B	供		人	9	6	U+4F9B
0090604F9D	依		人	9	6	U+4F9D
009060820D	舍		人	9	6	U+820D
0090704FA3	侣		人	9	7	U+4FA3
0090704FC2	係		人	9	7	U+4FC2
0090704FC3	促		人	9	7	U+4FC3
0090704FC4	俄		人	9	7	U+4FC4
0090704FC5	俅		人	9	7	U+4FC5
0090704FCA	俊		人	9	7	U+4FCA
0090704FCF	俏		人	9	7	U+4FCF
0090704FD0	俐		人	9	7	U+4FD0
0090704FD1	俑		人	9	7	U+4FD1
0090704FD4	俔		人	9	7	U+4FD4
0090704FD8	俘		人	9	7	U+4FD8
0090704FDA	俚		人	9	7	U+4FDA
0090704FDD	保		人	9	7	U+4FDD
0090704FE1	信		人	9	7	U+4FE1
0090704FE3	俣		人	9	7	U+4FE3
0090804FF1	俱		人	9	8	U+4FF1
0090805000	倀		人	9	8	U+5000
009080500B	個		人	9	8	U+500B
0090805014	倔		人	9	8	U+5014
009080501C	倜		人	9	8	U+501C
009080501E	倞		人	9	8	U+501E
0090805023	倣		人	9	8	U+5023
0090805025	倥		人	9	8	U+5025
0090805028	倨		人	9	8	U+5028
0090805029	倩		人	9	8	U+5029
009080503C	值		人	9	8	U+503C
0090805109	儉		人	9	8	U+5109
0090807B87	箇		人	9	8	U+7B87
0090905041	偁		人	9	9	U+5041
009090505C	停		人	9	9	U+505C
0090905075	偵		人	9	9	U+5075
00909050DE	僞		人	9	9	U+50DE
009100508D	傍		人	9	10	U+508D
0091005098	傘		人	9	10	U+5098
009100509A	傚		人	9	10	U+509A
009100509E	傞		人	9	10	U+509E
00911050AD	傭		人	9	11	U+50AD
00911050B2	傲		人	9	11	U+50B2
00911050B7	傷		人	9	11	U+50B7
00911050BB	傻		人	9	11	U+50BB
00911050BE	傾		人	9	11	U+50BE
00911050C9	僉		人	9	11	U+50C9
00912050E9	僩		人	9	12	U+50E9
00913050F5	僵		人	9	13	U+50F5
0091305100	儀		人	9	13	U+5100
0091305104	億		人	9	13	U+5104
009150512A	優		人	9	15	U+512A
0091605132	儲		人	9	16	U+5132
009190513A	儺		人	9	19	U+513A
010000513F	儿		儿	10	0	U+513F
0100205141	允		儿	10	2	U+5141
0100205144	兄		儿	10	2	U+5144
0100405145	充		儿	10	4	U+5145
0100405147	兇		儿	10	4	U+5147
0100405148	先		儿	10	4	U+5148
0100405149	光		儿	10	4	U+5149
0100505154	兔		儿	10	5	U+5154
0101205162	兢		儿	10	12	U+5162
0110005165	入		入	11	0	U+5165
012000516B	八		八	12	0	U+516B
012020516D	六		八	12	2	U+516D
012020516E	兮		八	12	2	U+516E
0120405171	共		八	12	4	U+5171
0120605177	具		八	12	6	U+5177
0120605178	典		八	12	6	U+5178
0121405180	冀		八	12	14	U+5180
0130205185	内		冂	13	2	U+5185
0130205713	圓		冂	13	2	U+5713
013040518D	再		冂	13	4	U+518D
01505051B6	冶		冫	15	5	U+51B6
01506051BC	冼		冫	15	6	U+51BC
01506051BD	冽		冫	15	6	U+51BD
01508051CA	凊		冫	15	8	U+51CA
01508051CB	凋		冫	15	8	U+51CB
01510051D3	凓		冫	15	10	U+51D3
01513051DB	凛		冫	15	13	U+51DB
01603051E7	凧		几	16	3	U+51E7
01604051EA	凪		几	16	4	U+51EA
01609051F0	凰		几	16	9	U+51F0
01702051F6	凶		凵	17	2	U+51F6
01703051F8	凸		凵	17	3	U+51F8
01703051FA	出		凵	17	3	U+51FA
0180205207	切		刀	18	2	U+5207
0180205235	刵		刀	18	2	U+5235
018030520A	刊		刀	18	3	U+520A
018040520E	刎		刀	18	4	U+520E
0180405211	刑		刀	18	4	U+5211
0180405216	刖		刀	18	4	U+5216
0180405217	列		刀	18	4	U+5217
018050521D	初		刀	18	5	U+521D
0180505224	判		刀	18	5	U+5224
0180505229	利		刀	18	5	U+5229
0180605259	剙		刀	18	6	U+5259
018070524A	削		刀	18	7	U+524A
018070524C	剌		刀	18	7	U+524C
018080525B	剛		刀	18	8	U+525B
018080528D	劍		刀	18	8	U+528D
0180905269	剩		刀	18	9	U+5269
0180905273	剳		刀	18	9	U+5273
0181005205	刅		刀	18	10	U+5205
0181205282	劂		刀	18	12	U+5282
018130528C	劌		刀	18	13	U+528C
019000529B	力		力	19	0	U+529B
019030529F	功		力	19	3	U+529F
01904052A3	劣		力	19	4	U+52A3
01905052AA	努		力	19	5	U+52AA
01905052AC	劬		力	19	5	U+52AC
01905052DE	勞		力	19	5	U+52DE
01905052F5	勵		力	19	5	U+52F5
01906052BB	劻		力	19	6	U+52BB
01906052BC	劼		力	19	6	U+52BC
0190606548	效		力	19	6	U+6548
01907052C7	勇		力	19	7	U+52C7
019070607F	恿		力	19	7	U+607F
0190706555	敕		力	19	7	U+6555
01908052CD	勍		力	19	8	U+52CD
01908052D1	勑		力	19	8	U+52D1
01909052D2	勒		力	19	9	U+52D2
01910052DD	勝		力	19	10	U+52DD
01911052E2	勢		力	19	11	U+52E2
01912052E9	勩		力	19	12	U+52E9
01913052DB	勛		力	19	13	U+52DB
02000052F9	勹		勹	20	0	U+52F9
02002052FE	勾		勹	20	2	U+52FE
02002052FF	勿		勹	20	2	U+52FF
0200305305	包		勹	20	3	U+5305
0200405308	匈		勹	20	4	U+5308
020060530B	匋		勹	20	6	U+530B
020090530F	匏		勹	20	9	U+530F
0210205316	化		匕	21	2	U+5316
022000531A	匚		匚	22	0	U+531A
0220205339	匹		匚	22	2	U+5339
0220405321	匡		匚	22	4	U+5321
0221205331	匱		匚	22	12	U+5331
0221305969	奩		匚	22	13	U+5969
0221505335	匵		匚	22	15	U+5335
0240005341	十		十	24	0	U+5341
0240105343	千		十	24	1	U+5343
0240205347	升		十	24	2	U+5347
0240205348	午		十	24	2	U+5348
0240305349	卉		十	24	3	U+5349
024030534A	半		十	24	3	U+534A
0240705357	南		十	24	7	U+5357
0260405370	印		卩	26	4	U+5370
0260505375	卵		卩	26	5	U+5375
0260705378	卸		卩	26	7	U+5378
0270705398	厘		厂	27	7	U+5398
027070539A	厚		厂	27	7	U+539A
027080539F	原		厂	27	8	U+539F
02710053A4	厤		厂	27	10	U+53A4
02710053A5	厥		厂	27	10	U+53A5
02712053B2	厲		厂	27	12	U+53B2
02900053C8	又		又	29	0	U+53C8
02902053CB	友		又	29	2	U+53CB
0290206536	收		又	29	2	U+6536
02906053D7	受		又	29	6	U+53D7
02907053D9	叙		又	29	7	U+53D9
03000053E3	口		口	30	0	U+53E3
03002053B9	厹		口	30	2	U+53B9
03002053E4	古		口	30	2	U+53E4
03002053E5	句		口	30	2	U+53E5
03002053E9	叩		口	30	2	U+53E9
03002053EE	叮		口	30	2	U+53EE
03002053F1	叱		口	30	2	U+53F1
03002053F3	右		口	30	2	U+53F3
03002053F5	叵		口	30	2	U+53F5
03002053F6	叶		口	30	2	U+53F6
03002053F7	号		口	30	2	U+53F7
03002081FA	臺		口	30	2	U+81FA
030020865F	號		口	30	2	U+865F
0300304EDD	仝		口	30	3	U+4EDD
03003053EB	叫		口	30	3	U+53EB
0300305403	吃		口	30	3	U+5403
0300305404	各		口	30	3	U+5404
0300305408	合		口	30	3	U+5408
0300305409	吉		口	30	3	U+5409
030030540B	吋		口	30	3	U+540B
030030540C	同		口	30	3	U+540C
030030540D	名		口	30	3	U+540D
030030540E	后		口	30	3	U+540E
0300305410	吐		口	30	3	U+5410
0300305411	向		口	30	3	U+5411
0300305438	吸		口	30	3	U+5438
0300405415	吕		口	30	4	U+5415
030040541B	君		口	30	4	U+541B
030040541D	吝		口	30	4	U+541D
030040541E	吞		口	30	4	U+541E
030040541F	吟		口	30	4	U+541F
030040542A	吪		口	30	4	U+542A
030040542B	含		口	30	4	U+542B
030040542E	吮		口	30	4	U+542E
0300405434	吴		口	30	4	U+5434
030040543B	吻		口	30	4	U+543B
030040543C	吼		口	30	4	U+543C
030040543E	吾		口	30	4	U+543E
0300405446	呆		口	30	4	U+5446
0300405448	呈		口	30	4	U+5448
0300405450	呐		口	30	4	U+5450
030050545F	呟		口	30	5	U+545F
0300505468	周		口	30	5	U+5468
030050546C	呬		口	30	5	U+546C
0300505474	呴		口	30	5	U+5474
030050547B	呻		口	30	5	U+547B
0300505484	咄		口	30	5	U+5484
0300505486	咆		口	30	5	U+5486
030050548E	咎		口	30	5	U+548E
03006054AC	咬		口	30	6	U+54AC
03006054AE	咮		口	30	6	U+54AE
03006054B2	咲		口	30	6	U+54B2
03006054BB	咻		口	30	6	U+54BB
03006054C0	哀		口	30	6	U+54C0
03006054C1	品		口	30	6	U+54C1
03006054C3	哃		口	30	6	U+54C3
03006054C4	哄		口	30	6	U+54C4
03006054C8	哈		口	30	6	U+54C8
03007054E1	員		口	30	7	U+54E1
03007054E2	哢		口	30	7	U+54E2
03007054E6	哦		口	30	7	U+54E6
03007054E8	哨		口	30	7	U+54E8
03007054E9	哩		口	30	7	U+54E9
03007054ED	哭		口	30	7	U+54ED
0300705501	唁		口	30	7	U+5501
0300705504	唄		口	30	7	U+5504
0300705506	唆		口	30	7	U+5506
0300705510	唐		口	30	7	U+5510
030080552B	唫		口	30	8	U+552B
030080552E	售		口	30	8	U+552E
0300805538	唸		口	30	8	U+5538
0300805541	啁		口	30	8	U+5541
0300805546	商		口	30	8	U+5546
030080554F	問		口	30	8	U+554F
030090557E	啾		口	30	9	U+557E
0300905580	喀		口	30	9	U+5580
0300905583	喃		口	30	9	U+5583
030090558B	喋		口	30	9	U+558B
0300905591	喑		口	30	9	U+5591
030090559F	喟		口	30	9	U+559F
03009055A4	喤		口	30	9	U+55A4
03009055D2	嗒		口	30	9	U+55D2
03010055C7	嗇		口	30	10	U+55C7
03010055DF	嗟		口	30	10	U+55DF
03010055E4	嗤		口	30	10	U+55E4
0301005606	嘆		口	30	10	U+5606
0301005629	嘩		口	30	10	U+5629
03011055F7	嗷		口	30	11	U+55F7
030110560E	嘎		口	30	11	U+560E
03012055E5	嗥		口	30	12	U+55E5
0301205642	噂		口	30	12	U+5642
0301205668	器		口	30	12	U+5668
030130565E	噞		口	30	13	U+565E
0301305664	噤		口	30	13	U+5664
0301305666	噦		口	30	13	U+5666
030130566B	噫		口	30	13	U+566B
030130566C	噬		口	30	13	U+566C
0301405687	嚇		口	30	14	U+5687
030140568A	嚊		口	30	14	U+568A
030150568F	嚏		口	30	15	U+568F
0301505695	嚕		口	30	15	U+5695
030150569A	嚚		口	30	15	U+569A
03017056B3	嚳		口	30	17	U+56B3
03018056BC	嚼		口	30	18	U+56BC
03018056C2	囂		口	30	18	U+56C2
03018056C8	囈		口	30	18	U+56C8
03100056D7	囗		囗	31	0	U+56D7
03102056DB	四		囗	31	2	U+56DB
03103056DE	回		囗	31	3	U+56DE
03104056EE	囮		囗	31	4	U+56EE
03104056F0	困		囗	31	4	U+56F0
0310405716	圖		囗	31	4	U+5716
03105056FA	固		囗	31	5	U+56FA
03106056FF	囿		囗	31	6	U+56FF
0310705704	圄		囗	31	7	U+5704
0310805709	圉		囗	31	8	U+5709
031080570A	圊		囗	31	8	U+570A
0311005712	園		囗	31	10	U+5712
032000571F	土		土	32	0	U+571F
0320205723	圣		土	32	2	U+5723
032030572E	圮		土	32	3	U+572E
0320405740	址		土	32	4	U+5740
032040574A	坊		土	32	4	U+574A
032040574E	坎		土	32	4	U+574E
032040962F	阯		土	32	4	U+962F
0320505764	坤		土	32	5	U+5764
0320505766	坦		土	32	5	U+5766
0320505774	坴		土	32	5	U+5774
032060578B	型		土	32	6	U+578B
03206057A2	垢		土	32	6	U+57A2
03206057A4	垤		土	32	6	U+57A4
03206057CE	城		土	32	6	U+57CE
03207057C7	埇		土	32	7	U+57C7
03207057CB	埋		土	32	7	U+57CB
03207085B6	薶		土	32	7	U+85B6
03208057F4	埴		土	32	8	U+57F4
03208057F6	埶		土	32	8	U+57F6
0320805800	堀		土	32	8	U+5800
0320905805	堅		土	32	9	U+5805
032090581E	堞		土	32	9	U+581E
0320905821	堡		土	32	9	U+5821
0320905831	報		土	32	9	U+5831
0320905834	場		土	32	9	U+5834
0320905835	堵		土	32	9	U+5835
0320905854	塔		土	32	9	U+5854
0320905872	塲		土	32	9	U+5872
032100584D	塍		土	32	10	U+584D
0321005852	塒		土	32	10	U+5852
0321005857	塗		土	32	10	U+5857
0321005858	塘		土	32	10	U+5858
0321009E7D	鹽		土	32	10	U+9E7D
0321105875	塵		土	32	11	U+5875
0321105885	墅		土	32	11	U+5885
0321105889	墉		土	32	11	U+5889
03211058A8	墨		土	32	11	U+58A8
032120589C	墜		土	32	12	U+589C
03213058C5	壅		土	32	13	U+58C5
03213058C7	壇		土	32	13	U+58C7
0321405864	塤		土	32	14	U+5864
03214058D1	壑		土	32	14	U+58D1
03215058D9	壙		土	32	15	U+58D9
03216058DC	壜		土	32	16	U+58DC
03216058E2	壢		土	32	16	U+58E2
0321607F4E	罎		土	32	16	U+7F4E
03303058EF	壯		士	33	3	U+58EF
0330408072	聲		士	33	4	U+8072
03309058FA	壺		士	33	9	U+58FA
03310058FC	壼		士	33	10	U+58FC
03402051AC	冬		夂	34	2	U+51AC
034040590B	夋		夂	34	4	U+590B
0342005914	夔		夂	34	20	U+5914
0360005915	夕		夕	36	0	U+5915
0360205916	外		夕	36	2	U+5916
036050591C	夜		夕	36	5	U+591C
0370005927	大		大	37	0	U+5927
0370105929	天		大	37	1	U+5929
037010592A	太		大	37	1	U+592A
0370205931	失		大	37	2	U+5931
0370605955	奕		大	37	6	U+5955
0370705958	奘		大	37	7	U+5958
0370905961	奡		大	37	9	U+5961
0370905962	奢		大	37	9	U+5962
037100596C	奬		大	37	10	U+596C
037110596A	奪		大	37	11	U+596A
037120596D	奭		大	37	12	U+596D
037130596E	奮		大	37	13	U+596E
0380005973	女		女	38	0	U+5973
0380205974	奴		女	38	2	U+5974
0380305978	奸		女	38	3	U+5978
038030597D	好		女	38	3	U+597D
0380305982	如		女	38	3	U+5982
0380305983	妃		女	38	3	U+5983
0380305984	妄		女	38	3	U+5984
0380405999	妙		女	38	4	U+5999
038040599D	妝		女	38	4	U+599D
03804059A4	妤		女	38	4	U+59A4
03804059A8	妨		女	38	4	U+59A8
0380407385	玅		女	38	4	U+7385
0380505992	妒		女	38	5	U+5992
03805059B2	妲		女	38	5	U+59B2
03805059D1	姑		女	38	5	U+59D1
03805059D3	姓		女	38	5	U+59D3
0380604F84	侄		女	38	6	U+4F84
038060598D	妍		女	38	6	U+598D
03806059DD	姝		女	38	6	U+59DD
03806059DE	姞		女	38	6	U+59DE
03806059E3	姣		女	38	6	U+59E3
03806059E4	姤		女	38	6	U+59E4
03806059E5	姥		女	38	6	U+59E5
03806059E6	姦		女	38	6	U+59E6
03806059EA	姪		女	38	6	U+59EA
03806059F6	姶		女	38	6	U+59F6
0380605A01	威		女	38	6	U+5A01
0380705A09	娉		女	38	7	U+5A09
0380705A0C	娌		女	38	7	U+5A0C
0380705A18	娘		女	38	7	U+5A18
0380705A25	娥		女	38	7	U+5A25
0380705A31	娱		女	38	7	U+5A31
0380805A66	婦		女	38	8	U+5A66
0380805A67	婧		女	38	8	U+5A67
0380805A6A	婪		女	38	8	U+5A6A
0380905A9F	媟		女	38	9	U+5A9F
0381005AB5	媵		女	38	10	U+5AB5
0381005AC4	嫄		女	38	10	U+5AC4
0381105AE0	嫠		女	38	11	U+5AE0
0381205AFA	嫺		女	38	12	U+5AFA
0381205AFB	嫻		女	38	12	U+5AFB
0381205B00	嬀		女	38	12	U+5B00
0381305B17	嬗		女	38	13	U+5B17
0381305B19	嬙		女	38	13	U+5B19
0381405B25	嬥		女	38	14	U+5B25
0381405B34	嬴		女	38	14	U+5B34
0381605B3E	嬾		女	38	16	U+5B3E
0381705B40	孀		女	38	17	U+5B40
0390005B50	子		子	39	0	U+5B50
0390005B51	孑		子	39	0	U+5B51
0390105B54	孔		子	39	1	U+5B54
0390205B55	孕		子	39	2	U+5B55
0390305B57	字		子	39	3	U+5B57
0390305B58	存		子	39	3	U+5B58
0390405B5A	孚		子	39	4	U+5B5A
0390405B5C	孜		子	39	4	U+5B5C
0390505B63	季		子	39	5	U+5B63
0390505B65	孥		子	39	5	U+5B65
0390505B78	學		子	39	5	U+5B78
0390506586	斆		子	39	5	U+6586
0390905B73	孳		子	39	9	U+5B73
0391105B75	孵		子	39	11	U+5B75
0400005B80	宀		宀	40	0	U+5B80
0400205B84	宄		宀	40	2	U+5B84
0400303762	㝢		宀	40	3	U+3762
0400305B88	守		宀	40	3	U+5B88
0400405B8B	宋		宀	40	4	U+5B8B
0400505B95	宕		宀	40	5	U+5B95
0400505B99	宙		宀	40	5	U+5B99
0400505B9A	定		宀	40	5	U+5B9A
0400505B9C	宜		宀	40	5	U+5B9C
0400505BE6	實		宀	40	5	U+5BE6
0400505BF6	寶		宀	40	5	U+5BF6
0400605BA2	客		宀	40	6	U+5BA2
0400605BA4	室		宀	40	6	U+5BA4
0400605BA5	宥		宀	40	6	U+5BA5
0400605BA6	宦		宀	40	6	U+5BA6
0400705BAB	宫		宀	40	7	U+5BAB
0400705BB5	宵		宀	40	7	U+5BB5
0400805BBF	宿		宀	40	8	U+5BBF
0400805BC7	寇		宀	40	8	U+5BC7
0400905BD2	寒		宀	40	9	U+5BD2
0401105BE1	寡		宀	40	11	U+5BE1
0401105BE4	寤		宀	40	11	U+5BE4
0401205BE9	審		宀	40	12	U+5BE9
0410005BF8	寸		寸	41	0	U+5BF8
0410305BFA	寺		寸	41	3	U+5BFA
0410405C0D	對		寸	41	4	U+5C0D
0410705C04	射		寸	41	7	U+5C04
0410705C07	將		寸	41	7	U+5C07
0410805C09	尉		寸	41	8	U+5C09
0410905C0A	尊		寸	41	9	U+5C0A
0411205C0E	導		寸	41	12	U+5C0E
0420005C0F	小		小	42	0	U+5C0F
0420105C11	少		小	42	1	U+5C11
0420305C16	尖		小	42	3	U+5C16
0421005C1F	尟		小	42	10	U+5C1F
0430105C24	尤		尢	43	1	U+5C24
0430405C2A	尪		尢	43	4	U+5C2A
0440105C39	尹		尸	44	1	U+5C39
0440205C3B	尻		尸	44	2	U+5C3B
0440405C40	局		尸	44	4	U+5C40
0440505C45	居		尸	44	5	U+5C45
0440505C48	屈		尸	44	5	U+5C48
0440505C4A	届		尸	44	5	U+5C4A
0440905C60	屠		尸	44	9	U+5C60
0441205C65	履		尸	44	12	U+5C65
0441205C67	屧		尸	44	12	U+5C67
0450005C6E	屮		屮	45	0	U+5C6E
0460005C71	山		山	46	0	U+5C71
0460305C79	屹		山	46	3	U+5C79
0460305C7A	屺		山	46	3	U+5C7A
0460405C8C	岌		山	46	4	U+5C8C
0460405C91	岑		山	46	4	U+5C91
0460505CA1	岡		山	46	5	U+5CA1
0460505CA3	岣		山	46	5	U+5CA3
0460505CA9	岩		山	46	5	U+5CA9
0460505CAB	岫		山	46	5	U+5CAB
0460505CB5	岵		山	46	5	U+5CB5
0460505CB8	岸		山	46	5	U+5CB8
0460505D17	崗		山	46	5	U+5D17
0460605CC9	峉		山	46	6	U+5CC9
0460605CD2	峒		山	46	6	U+5CD2
0460605CD9	峙		山	46	6	U+5CD9
0460705CE8	峨		山	46	7	U+5CE8
0460705CED	峭		山	46	7	U+5CED
0460705CF4	峴		山	46	7	U+5CF4
0460705CFB	峻		山	46	7	U+5CFB
0460805CE5	峥		山	46	8	U+5CE5
0460805D06	崆		山	46	8	U+5D06
0460805D0B	崋		山	46	8	U+5D0B
0460805D0D	崍		山	46	8	U+5D0D
0460805D11	崑		山	46	8	U+5D11
0460805D1B	崛		山	46	8	U+5D1B
0460805D1D	崝		山	46	8	U+5D1D
0460805D1F	崟		山	46	8	U+5D1F
0460905D47	嵇		山	46	9	U+5D47
0460905D52	嵒		山	46	9	U+5D52
0461005D4A	嵊		山	46	10	U+5D4A
0461005D6F	嵯		山	46	10	U+5D6F
0461105D88	嶈		山	46	11	U+5D88
0461205D94	嶔		山	46	12	U+5D94
0470005DDB	巛		巛	47	0	U+5DDB
0470005DDD	川		巛	47	0	U+5DDD
0470305DDE	州		巛	47	3	U+5DDE
0470305DE1	巡		巛	47	3	U+5DE1
0471205DE4	巤		巛	47	12	U+5DE4
0480005DE5	工		工	48	0	U+5DE5
0480205DE6	左		工	48	2	U+5DE6
0480305DE9	巩		工	48	3	U+5DE9
0480405DEB	巫		工	48	4	U+5DEB
0480705DEE	差		工	48	7	U+5DEE
0490005DF1	己		己	49	0	U+5DF1
0490605DF7	巷		己	49	6	U+5DF7
0490608856	衖		己	49	6	U+8856
0500005DFE	巾		巾	50	0	U+5DFE
0500205E02	市		巾	50	2	U+5E02
0500505E11	帑		巾	50	5	U+5E11
0500505E15	帕		巾	50	5	U+5E15
0500505E18	帘		巾	50	5	U+5E18
0500505E19	帙		巾	50	5	U+5E19
0500505E1A	帚		巾	50	5	U+5E1A
0500505E1B	帛		巾	50	5	U+5E1B
0500605E1F	帟		巾	50	6	U+5E1F
0500705E2D	席		巾	50	7	U+5E2D
0500805E33	帳		巾	50	8	U+5E33
0501005E4C	幌		巾	50	10	U+5E4C
0510005E72	干		干	51	0	U+5E72
0510305E74	年		干	51	3	U+5E74
0510305F00	开		干	51	3	U+5F00
0511005E79	幹		干	51	10	U+5E79
0520105E7B	幻		幺	52	1	U+5E7B
0530205E81	庁		广	53	2	U+5E81
0530205EE3	廣		广	53	2	U+5EE3
0530305E84	庄		广	53	3	U+5E84
0530405E8A	床		广	53	4	U+5E8A
0530405E8F	序		广	53	4	U+5E8F
0530505E96	庖		广	53	5	U+5E96
0530505E9A	庚		广	53	5	U+5E9A
0530605EA5	庥		广	53	6	U+5EA5
0530605EA6	度		广	53	6	U+5EA6
0530705EAB	庫		广	53	7	U+5EAB
0530805EB6	庶		广	53	8	U+5EB6
0530805EB7	康		广	53	8	U+5EB7
0530805EB8	庸		广	53	8	U+5EB8
05309053A2	厢		广	53	9	U+53A2
0530905EBE	庾		广	53	9	U+5EBE
0530905ECA	廊		广	53	9	U+5ECA
0531205EDB	廛		广	53	12	U+5EDB
053130342D	㐭		广	53	13	U+342D
0531305EEA	廪		广	53	13	U+5EEA
0531805EF1	廱		广	53	18	U+5EF1
0540005EF4	廴		廴	54	0	U+5EF4
0540605EFB	廻		廴	54	6	U+5EFB
0540608FF4	迴		廴	54	6	U+8FF4
0550005EFE	廾		廾	55	0	U+5EFE
0550105EFF	廿		廾	55	1	U+5EFF
0550405F04	弄		廾	55	4	U+5F04
0550605F08	弈		廾	55	6	U+5F08
0560308CB3	貳		弋	56	3	U+8CB3
0570005F13	弓		弓	57	0	U+5F13
0570205F18	弘		弓	57	2	U+5F18
0570505F26	弦		弓	57	5	U+5F26
0570505F29	弩		弓	57	5	U+5F29
0570805F35	張		弓	57	8	U+5F35
0570805F36	弶		弓	57	8	U+5F36
0570805F3A	强		弓	57	8	U+5F3A
0571205F49	彉		弓	57	12	U+5F49
0571305F4A	彊		弓	57	13	U+5F4A
0580305F50	彐		彐	58	3	U+5F50
0580905F58	彘		彐	58	9	U+5F58
0581005F59	彙		彐	58	10	U+5F59
0581505F5D	彝		彐	58	15	U+5F5D
0590005F61	彡		彡	59	0	U+5F61
0590405F62	形		彡	59	4	U+5F62
0590405F64	彤		彡	59	4	U+5F64
0590805F6B	彫		彡	59	8	U+5F6B
0590805F6C	彬		彡	59	8	U+5F6C
059080658C	斌		彡	59	8	U+658C
0591205F71	影		彡	59	12	U+5F71
0600005F73	彳		彳	60	0	U+5F73
0600405F77	彷		彳	60	4	U+5F77
0600505F80	往		彳	60	5	U+5F80
0600505F81	征		彳	60	5	U+5F81
0600605F85	待		彳	60	6	U+5F85
0600605F8A	徊		彳	60	6	U+5F8A
0600605F8B	律		彳	60	6	U+5F8B
0600605F8C	後		彳	60	6	U+5F8C
0600705F90	徐		彳	60	7	U+5F90
0600705F92	徒		彳	60	7	U+5F92
0600803775	㝵		彳	60	8	U+3775
0600805F97	得		彳	60	8	U+5F97
0600805FA0	徠		彳	60	8	U+5FA0
0600905FA1	御		彳	60	9	U+5FA1
0600905FA8	徨		彳	60	9	U+5FA8
0601105FB7	德		彳	60	11	U+5FB7
06011060EA	惪		彳	60	11	U+60EA
0610305FCC	忌		心	61	3	U+5FCC
0610305FD4	忔		心	61	3	U+5FD4
0610305FD6	忖		心	61	3	U+5FD6
0610305FD7	志		心	61	3	U+5FD7
0610305FD8	忘		心	61	3	U+5FD8
0610305FD9	忙		心	61	3	U+5FD9
0610405FDD	忝		心	61	4	U+5FDD
0610405FE0	忠		心	61	4	U+5FE0
0610405FE1	忡		心	61	4	U+5FE1
0610405FE4	忤		心	61	4	U+5FE4
0610405FF5	念		心	61	4	U+5FF5
0610405FFD	忽		心	61	4	U+5FFD
0610506012	怒		心	61	5	U+6012
0610506014	怔		心	61	5	U+6014
0610506015	怕		心	61	5	U+6015
0610506019	怙		心	61	5	U+6019
061050601B	怛		心	61	5	U+601B
0610506025	急		心	61	5	U+6025
0610506027	性		心	61	5	U+6027
061050602A	怪		心	61	5	U+602A
0610506033	怳		心	61	5	U+6033
0610506035	怵		心	61	5	U+6035
0610606043	恃		心	61	6	U+6043
0610606047	恇		心	61	6	U+6047
061060604D	恍		心	61	6	U+604D
0610606050	恐		心	61	6	U+6050
0610606055	恕		心	61	6	U+6055
061060605F	恟		心	61	6	U+605F
0610606062	恢		心	61	6	U+6062
061060606A	恪		心	61	6	U+606A
061060606B	恫		心	61	6	U+606B
061060606C	恬		心	61	6	U+606C
061060606D	恭		心	61	6	U+606D
0610606070	恰		心	61	6	U+6070
061060803B	耻		心	61	6	U+803B
0610706083	悃		心	61	7	U+6083
0610706084	悄		心	61	7	U+6084
061070608D	悍		心	61	7	U+608D
0610706092	悒		心	61	7	U+6092
061070609B	悛		心	61	7	U+609B
061070609D	悝		心	61	7	U+609D
061070609F	悟		心	61	7	U+609F
06107060A3	患		心	61	7	U+60A3
06107060AE	悮		心	61	7	U+60AE
06108060B5	悵		心	61	8	U+60B5
06108060B6	悶		心	61	8	U+60B6
06108060B8	悸		心	61	8	U+60B8
06108060BE	悾		心	61	8	U+60BE
06108060C5	情		心	61	8	U+60C5
06108060C6	惆		心	61	8	U+60C6
06108060D8	惘		心	61	8	U+60D8
06108060DA	惚		心	61	8	U+60DA
06108060E7	惧		心	61	8	U+60E7
06109060F3	想		心	61	9	U+60F3
06109060F5	惵		心	61	9	U+60F5
06109060F6	惶		心	61	9	U+60F6
06109060FA	惺		心	61	9	U+60FA
0610906100	愀		心	61	9	U+6100
0610906101	愁		心	61	9	U+6101
061090610F	意		心	61	9	U+610F
061090613A	愺		心	61	9	U+613A
0610906148	慈		心	61	9	U+6148
061090614C	慌		心	61	9	U+614C
061100613E	愾		心	61	10	U+613E
061100613F	愿		心	61	10	U+613F
0611006142	慂		心	61	10	U+6142
0611006144	慄		心	61	10	U+6144
0611103951	㥑		心	61	11	U+3951
0611106163	慣		心	61	11	U+6163
0611106165	慥		心	61	11	U+6165
0611106170	慰		心	61	11	U+6170
0611106173	慳		心	61	11	U+6173
0611106175	慵		心	61	11	U+6175
0611106177	慷		心	61	11	U+6177
0611106182	憂		心	61	11	U+6182
0611206192	憒		心	61	12	U+6192
06112061AB	憫		心	61	12	U+61AB
06112061AC	憬		心	61	12	U+61AC
06113061B6	憶		心	61	13	U+61B6
06113061D4	懔		心	61	13	U+61D4
06114061DF	懟		心	61	14	U+61DF
06116061F6	懶		心	61	16	U+61F6
0620106209	戉		戈	62	1	U+6209
062020620C	戌		戈	62	2	U+620C
0620206210	成		戈	62	2	U+6210
0620306211	我		戈	62	3	U+6211
0620306212	戒		戈	62	3	U+6212
0620406215	戕		戈	62	4	U+6215
062070621B	戛		戈	62	7	U+621B
062080621F	戟		戈	62	8	U+621F
0630006237	户		户	63	0	U+6237
063030623B	戻		户	63	3	U+623B
063040623F	房		户	63	4	U+623F
0630606246	扆		户	63	6	U+6246
0630706248	扈		户	63	7	U+6248
064000624B	手		手	64	0	U+624B
064010624E	扎		手	64	1	U+624E
0640206252	扒		手	64	2	U+6252
0640206253	打		手	64	2	U+6253
064030625B	扛		手	64	3	U+625B
064030625E	扞		手	64	3	U+625E
0640306263	扣		手	64	3	U+6263
0640306271	扱		手	64	3	U+6271
06403064C0	擀		手	64	3	U+64C0
064040626F	扯		手	64	4	U+626F
0640406284	抄		手	64	4	U+6284
0640406291	抑		手	64	4	U+6291
0640406292	抒		手	64	4	U+6292
0640406295	投		手	64	4	U+6295
0640406296	抖		手	64	4	U+6296
0640406C9A	沚		手	64	4	U+6C9A
06405062B1	抱		手	64	5	U+62B1
06405062B6	抶		手	64	5	U+62B6
06405062BD	抽		手	64	5	U+62BD
06405062C5	担		手	64	5	U+62C5
06405062C9	拉		手	64	5	U+62C9
06405062CC	拌		手	64	5	U+62CC
06405062CD	拍		手	64	5	U+62CD
06405062D2	拒		手	64	5	U+62D2
06405062D3	拓		手	64	5	U+62D3
06405062D8	拘		手	64	5	U+62D8
06405062D9	拙		手	64	5	U+62D9
06405062DC	拜		手	64	5	U+62DC
06405064F4	擴		手	64	5	U+64F4
06406062CF	拏		手	64	6	U+62CF
06406062EE	拮		手	64	6	U+62EE
06406062F1	拱		手	64	6	U+62F1
06406062F6	拶		手	64	6	U+62F6
06406062FD	拽		手	64	6	U+62FD
06406062FE	拾		手	64	6	U+62FE
06406062FF	拿		手	64	6	U+62FF
0640606301	持		手	64	6	U+6301
0640606303	挃		手	64	6	U+6303
0640606310	挐		手	64	6	U+6310
0640706339	挹		手	64	7	U+6339
0640706343	捃		手	64	7	U+6343
0640706344	捄		手	64	7	U+6344
0640706349	捉		手	64	7	U+6349
064070634D	捍		手	64	7	U+634D
064070634E	捎		手	64	7	U+634E
064070634F	捏		手	64	7	U+634F
0640706357	捗		手	64	7	U+6357
0640806368	捨		手	64	8	U+6368
064080636B	捫		手	64	8	U+636B
064080636E	据		手	64	8	U+636E
064080637B	捻		手	64	8	U+637B
0640806388	授		手	64	8	U+6388
064080638F	掏		手	64	8	U+638F
0640806396	掖		手	64	8	U+6396
0640806398	掘		手	64	8	U+6398
064080639F	掟		手	64	8	U+639F
06408063A0	掠		手	64	8	U+63A0
06408063A7	控		手	64	8	U+63A7
06409063DA	揚		手	64	9	U+63DA
06409063F2	揲		手	64	9	U+63F2
064090642D	搭		手	64	9	U+642D
064100640D	損		手	64	10	U+640D
0641006412	搒		手	64	10	U+6412
0641006413	搓		手	64	10	U+6413
064100642A	搪		手	64	10	U+642A
0641006434	搴		手	64	10	U+6434
064110646D	摭		手	64	11	U+646D
0641206488	撈		手	64	12	U+6488
0641206499	撙		手	64	12	U+6499
064120649D	撝		手	64	12	U+649D
06412064CE	擎		手	64	12	U+64CE
06413064BF	撿		手	64	13	U+64BF
06413064C5	擅		手	64	13	U+64C5
06413064D2	擒		手	64	13	U+64D2
06414064E1	擡		手	64	14	U+64E1
06414064E2	擢		手	64	14	U+64E2
06415064F7	擷		手	64	15	U+64F7
06415064FE	擾		手	64	15	U+64FE
0641906524	攤		手	64	19	U+6524
064200652A	攪		手	64	20	U+652A
064210652C	攬		手	64	21	U+652C
066030653B	攻		攴	66	3	U+653B
066040653E	放		攴	66	4	U+653E
066050653F	政		攴	66	5	U+653F
0660506545	故		攴	66	5	U+6545
0660706551	救		攴	66	7	U+6551
0660706554	敔		攴	66	7	U+6554
0660706556	敖		攴	66	7	U+6556
0660706557	敗		攴	66	7	U+6557
0660806563	散		攴	66	8	U+6563
066080656C	敬		攴	66	8	U+656C
0661206574	整		攴	66	12	U+6574
0661306582	斂		攴	66	13	U+6582
0670006587	文		文	67	0	U+6587
0670806591	斑		文	67	8	U+6591
0680006597	斗		斗	68	0	U+6597
0680606599	料		斗	68	6	U+6599
068070659C	斜		斗	68	7	U+659C
06904065A8	斨		斤	69	4	U+65A8
06905065AB	斫		斤	69	5	U+65AB
06910065B2	斲		斤	69	10	U+65B2
07000065B9	方		方	70	0	U+65B9
07006065C1	旁		方	70	6	U+65C1
07006065C3	旃		方	70	6	U+65C3
07006065C5	旅		方	70	6	U+65C5
07007065CC	旌		方	70	7	U+65CC
07200065E5	日		日	72	0	U+65E5
07201065E6	旦		日	72	1	U+65E6
072010820A	舊		日	72	1	U+820A
07202065E9	早		日	72	2	U+65E9
07202065ED	旭		日	72	2	U+65ED
07203065F0	旰		日	72	3	U+65F0
07203065F1	旱		日	72	3	U+65F1
07204065FA	旺		日	72	4	U+65FA
07204065FB	旻		日	72	4	U+65FB
07204065FC	旼		日	72	4	U+65FC
0720406603	昃		日	72	4	U+6603
0720406606	昆		日	72	4	U+6606
0720406607	昇		日	72	4	U+6607
0720406608	昈		日	72	4	U+6608
0720406609	昉		日	72	4	U+6609
072040660A	昊		日	72	4	U+660A
0720406612	昒		日	72	4	U+6612
072050661C	昜		日	72	5	U+661C
072050661F	星		日	72	5	U+661F
072050662B	昫		日	72	5	U+662B
0720506631	昱		日	72	5	U+6631
0720506633	昳		日	72	5	U+6633
072050665D	晝		日	72	5	U+665D
0720606642	時		日	72	6	U+6642
0720606643	晃		日	72	6	U+6643
072060665F	晟		日	72	6	U+665F
072070665B	晛		日	72	7	U+665B
0720706664	晤		日	72	7	U+6664
072080666E	普		日	72	8	U+666E
072080666F	景		日	72	8	U+666F
0720806674	晴		日	72	8	U+6674
0720806676	晶		日	72	8	U+6676
0720806677	晷		日	72	8	U+6677
0720806691	暑		日	72	8	U+6691
0720906697	暗		日	72	9	U+6697
0720906698	暘		日	72	9	U+6698
07210066A2	暢		日	72	10	U+66A2
07210066C6	曆		日	72	10	U+66C6
07211066B5	暵		日	72	11	U+66B5
07211066C4	曄		日	72	11	U+66C4
07212066C7	曇		日	72	12	U+66C7
07213066D9	曙		日	72	13	U+66D9
07214066DC	曜		日	72	14	U+66DC
07215066E0	曠		日	72	15	U+66E0
07216066E6	曦		日	72	16	U+66E6
07300066F0	曰		曰	73	0	U+66F0
07302066F2	曲		曰	73	2	U+66F2
07302066F3	曳		曰	73	2	U+66F3
07306066F8	書		曰	73	6	U+66F8
07308066FF	替		曰	73	8	U+66FF
0740006708	月		月	74	0	U+6708
0740006717	朗		月	74	0	U+6717
0740206709	有		月	74	2	U+6709
07404080AD	肭		月	74	4	U+80AD
0740606712	朒		月	74	6	U+6712
0740606715	朕		月	74	6	U+6715
074070671B	望		月	74	7	U+671B
0750006728	木		木	75	0	U+6728
075010672C	本		木	75	1	U+672C
075010672D	札		木	75	1	U+672D
075010672F	术		木	75	1	U+672F
0750206731	朱		木	75	2	U+6731
0750206738	朸		木	75	2	U+6738
0750304F86	來		木	75	3	U+4F86
0750306746	杆		木	75	3	U+6746
0750306749	杉		木	75	3	U+6749
075030674E	李		木	75	3	U+674E
075030674F	杏		木	75	3	U+674F
0750306751	村		木	75	3	U+6751
0750306755	杕		木	75	3	U+6755
0750306756	杖		木	75	3	U+6756
075030675C	杜		木	75	3	U+675C
0750306760	杠		木	75	3	U+6760
0750306762	杢		木	75	3	U+6762
075030687F	桿		木	75	3	U+687F
075040676A	杪		木	75	4	U+676A
0750406774	杴		木	75	4	U+6774
0750406775	杵		木	75	4	U+6775
075040677C	杼		木	75	4	U+677C
0750406781	极		木	75	4	U+6781
0750406789	枉		木	75	4	U+6789
075040678B	枋		木	75	4	U+678B
0750406793	枓		木	75	4	U+6793
0750406797	林		木	75	4	U+6797
0750406798	枘		木	75	4	U+6798
07504067A1	枡		木	75	4	U+67A1
075040685D	桝		木	75	4	U+685D
075050531B	匛		木	75	5	U+531B
07505067AF	枯		木	75	5	U+67AF
07505067B5	枵		木	75	5	U+67B5
07505067B8	枸		木	75	5	U+67B8
07505067BB	枻		木	75	5	U+67BB
07505067CA	柊		木	75	5	U+67CA
07505067CF	柏		木	75	5	U+67CF
07505067D8	柘		木	75	5	U+67D8
07505067DA	柚		木	75	5	U+67DA
07505067E9	柩		木	75	5	U+67E9
07505067FE	柾		木	75	5	U+67FE
0750506803	栃		木	75	5	U+6803
0750606785	枅		木	75	6	U+6785
0750606813	栓		木	75	6	U+6813
0750606817	栗		木	75	6	U+6817
075060681D	栝		木	75	6	U+681D
075060681E	栞		木	75	6	U+681E
0750606821	校		木	75	6	U+6821
075060682A	株		木	75	6	U+682A
075060682B	栫		木	75	6	U+682B
0750606831	栱		木	75	6	U+6831
0750606834	栴		木	75	6	U+6834
075060683C	格		木	75	6	U+683C
0750606841	桁		木	75	6	U+6841
0750606844	桄		木	75	6	U+6844
0750606846	框		木	75	6	U+6846
075060684E	桎		木	75	6	U+684E
0750606850	桐		木	75	6	U+6850
0750606854	桔		木	75	6	U+6854
0750706876	桶		木	75	7	U+6876
075070687E	桾		木	75	7	U+687E
0750706881	梁		木	75	7	U+6881
0750706882	梂		木	75	7	U+6882
075070689F	梟		木	75	7	U+689F
07507068A0	梠		木	75	7	U+68A0
07507068A2	梢		木	75	7	U+68A2
07507068A7	梧		木	75	7	U+68A7
07507068AD	梭		木	75	7	U+68AD
07507068B0	械		木	75	7	U+68B0
07507068B1	梱		木	75	7	U+68B1
075070691B	椛		木	75	7	U+691B
0750803B87	㮇		木	75	8	U+3B87
07508068CD	棍		木	75	8	U+68CD
07508068D6	棖		木	75	8	U+68D6
07508068D7	棗		木	75	8	U+68D7
07508068D8	棘		木	75	8	U+68D8
07508068EE	森		木	75	8	U+68EE
0750806907	椇		木	75	8	U+6907
075080690B	椋		木	75	8	U+690B
075080690D	植		木	75	8	U+690D
075080695B	楛		木	75	8	U+695B
0750806AA2	檢		木	75	8	U+6AA2
0750905F03	弃		木	75	9	U+5F03
07509068C4	棄		木	75	9	U+68C4
075090694A	楊		木	75	9	U+694A
0750906960	楠		木	75	9	U+6960
0750906968	楨		木	75	9	U+6968
075090696D	業		木	75	9	U+696D
075090696E	楮		木	75	9	U+696E
0750906978	楸		木	75	9	U+6978
0750906979	楹		木	75	9	U+6979
07510067C8	柈		木	75	10	U+67C8
075100698A	榊		木	75	10	U+698A
0751006994	榔		木	75	10	U+6994
075100699C	榜		木	75	10	U+699C
07510069AD	榭		木	75	10	U+69AD
07510069BA	榺		木	75	10	U+69BA
07510069CE	槎		木	75	10	U+69CE
07510069D3	槓		木	75	10	U+69D3
0751006A3A	樺		木	75	10	U+6A3A
07511069D4	槔		木	75	11	U+69D4
07511069F3	槳		木	75	11	U+69F3
07511069FB	槻		木	75	11	U+69FB
0751106A0B	樋		木	75	11	U+6A0B
0751106A11	樑		木	75	11	U+6A11
0751106A2A	横		木	75	11	U+6A2A
0751106A2B	樫		木	75	11	U+6A2B
07512058AB	墫		木	75	12	U+58AB
0751206A32	樲		木	75	12	U+6A32
0751206A3D	樽		木	75	12	U+6A3D
0751206A3E	樾		木	75	12	U+6A3E
0751206A50	橐		木	75	12	U+6A50
0751206A5B	橛		木	75	12	U+6A5B
0751206AA0	檠		木	75	12	U+6AA0
0751207F47	罇		木	75	12	U+7F47
0751306A7F	橿		木	75	13	U+6A7F
0751306A80	檀		木	75	13	U+6A80
0751306A8D	檍		木	75	13	U+6A8D
0751306A8E	檎		木	75	13	U+6A8E
0751306AA3	檣		木	75	13	U+6AA3
0751406906	椆		木	75	14	U+6906
0751406ABB	檻		木	75	14	U+6ABB
0751406AC2	櫂		木	75	14	U+6AC2
0751406AC3	櫃		木	75	14	U+6AC3
0751406AD4	櫔		木	75	14	U+6AD4
0751506AD3	櫓		木	75	15	U+6AD3
0751506ADA	櫚		木	75	15	U+6ADA
0751506ADC	櫜		木	75	15	U+6ADC
0751506ADD	櫝		木	75	15	U+6ADD
0751606AE7	櫧		木	75	16	U+6AE7
0751606AEA	櫪		木	75	16	U+6AEA
0752106B16	欖		木	75	21	U+6B16
0760006B20	欠		欠	76	0	U+6B20
0760806B3D	欽		欠	76	8	U+6B3D
0760806B3E	款		欠	76	8	U+6B3E
0760906B46	歆		欠	76	9	U+6B46
0761206B59	歙		欠	76	12	U+6B59
0761306B5B	歛		欠	76	13	U+6B5B
0770006B62	止		止	77	0	U+6B62
0770106B63	正		止	77	1	U+6B63
0770906B72	歲		止	77	9	U+6B72
0771006B77	歷		止	77	10	U+6B77
0780406B7E	歾		歹	78	4	U+6B7E
0780406B81	殁		歹	78	4	U+6B81
0780606B8A	殊		歹	78	6	U+6B8A
0780806B96	殖		歹	78	8	U+6B96
0781006B9E	殞		歹	78	10	U+6B9E
0781106BA4	殤		歹	78	11	U+6BA4
0781306BAD	殭		歹	78	13	U+6BAD
0781306BAE	殮		歹	78	13	U+6BAE
0790006BB3	殳		殳	79	0	U+6BB3
0800006BCC	毌		毋	80	0	U+6BCC
0820606BE6	毦		毛	82	6	U+6BE6
0820706BEC	毬		毛	82	7	U+6BEC
0821106C02	氂		毛	82	11	U+6C02
0821306C08	氈		毛	82	13	U+6C08
082222C1C7	𬇇	⿰叠毛	毛	82	22	U+2C1C7
0830406C13	氓		氏	83	4	U+6C13
0840006C14	气		气	84	0	U+6C14
0840206C23	氣		气	84	2	U+6C23
0850006C34	水		水	85	0	U+6C34
0850106C38	永		水	85	1	U+6C38
0850206C3F	氿		水	85	2	U+6C3F
0850206C40	汀		水	85	2	U+6C40
0850206C41	汁		水	85	2	U+6C41
0850206C42	求		水	85	2	U+6C42
0850306C50	汐		水	85	3	U+6C50
0850306C54	汔		水	85	3	U+6C54
0850306C55	汕		水	85	3	U+6C55
0850306C57	汗		水	85	3	U+6C57
0850306C5D	汝		水	85	3	U+6C5D
0850306C5E	汞		水	85	3	U+6C5E
0850306C5F	江		水	85	3	U+6C5F
08504051B2	冲		水	85	4	U+51B2
0850406C68	汨		水	85	4	U+6C68
0850406C69	汩		水	85	4	U+6C69
0850406C6A	汪		水	85	4	U+6C6A
0850406C6D	汭		水	85	4	U+6C6D
0850406C70	汰		水	85	4	U+6C70
0850406C72	汲		水	85	4	U+6C72
0850406C76	汶		水	85	4	U+6C76
0850406C7D	汽		水	85	4	U+6C7D
0850406C84	沄		水	85	4	U+6C84
0850406C90	沐		水	85	4	U+6C90
0850406C94	沔		水	85	4	U+6C94
0850406C95	沕		水	85	4	U+6C95
0850406CA1	没		水	85	4	U+6CA1
08505051B5	况		水	85	5	U+51B5
0850506CAD	沭		水	85	5	U+6CAD
0850506CB9	油		水	85	5	U+6CB9
0850506CBA	沺		水	85	5	U+6CBA
0850506CBD	沽		水	85	5	U+6CBD
0850506CC4	泄		水	85	5	U+6CC4
0850506CCA	泊		水	85	5	U+6CCA
0850506CD0	泐		水	85	5	U+6CD0
0850506CD3	泓		水	85	5	U+6CD3
0850506CD7	泗		水	85	5	U+6CD7
0850506CE1	泡		水	85	5	U+6CE1
0850506CE3	泣		水	85	5	U+6CE3
0850506CEB	泫		水	85	5	U+6CEB
0850506CEE	泮		水	85	5	U+6CEE
0850506CF0	泰		水	85	5	U+6CF0
0850506CF3	泳		水	85	5	U+6CF3
08506051C0	净		水	85	6	U+51C0
0850606C67	汧		水	85	6	U+6C67
0850606D04	洄		水	85	6	U+6D04
0850606D0A	洊		水	85	6	U+6D0A
0850606D0C	洌		水	85	6	U+6D0C
0850606D11	洑		水	85	6	U+6D11
0850606D17	洗		水	85	6	U+6D17
0850606D19	洙		水	85	6	U+6D19
0850606D1B	洛		水	85	6	U+6D1B
0850606D1E	洞		水	85	6	U+6D1E
0850606D27	洧		水	85	6	U+6D27
0850606D29	洩		水	85	6	U+6D29
0850606D2A	洪		水	85	6	U+6D2A
0850606D31	洱		水	85	6	U+6D31
0850606D32	洲		水	85	6	U+6D32
0850606D33	洳		水	85	6	U+6D33
0850606D36	洶		水	85	6	U+6D36
0850606D38	洸		水	85	6	U+6D38
0850606D3D	洽		水	85	6	U+6D3D
0850606D44	浄		水	85	6	U+6D44
0850706D5A	浚		水	85	7	U+6D5A
0850706D5E	浞		水	85	7	U+6D5E
0850706D65	浥		水	85	7	U+6D65
0850706D6A	浪		水	85	7	U+6D6A
0850706D6C	浬		水	85	7	U+6D6C
0850706D6E	浮		水	85	7	U+6D6E
0850706D70	浰		水	85	7	U+6D70
0850706D82	涂		水	85	7	U+6D82
0850706D85	涅		水	85	7	U+6D85
0850706D88	消		水	85	7	U+6D88
0850706D8C	涌		水	85	7	U+6D8C
0850706D94	涔		水	85	7	U+6D94
0850706FA3	澣		水	85	7	U+6FA3
08508051C9	凉		水	85	8	U+51C9
0850806D89	涉		水	85	8	U+6D89
0850806DB2	液		水	85	8	U+6DB2
0850806DB8	涸		水	85	8	U+6DB8
0850806DC0	淀		水	85	8	U+6DC0
0850806DCB	淋		水	85	8	U+6DCB
0850806DDD	淝		水	85	8	U+6DDD
0850806DDF	淟		水	85	8	U+6DDF
0850806DE6	淦		水	85	8	U+6DE6
0850806DF6	淶		水	85	8	U+6DF6
0850806DF7	混		水	85	8	U+6DF7
0850806DFB	添		水	85	8	U+6DFB
0850806DFC	淼		水	85	8	U+6DFC
0850806E05	清		水	85	8	U+6E05
0850806E1A	渚		水	85	8	U+6E1A
0850906E1F	渟		水	85	9	U+6E1F
0850906E20	渠		水	85	9	U+6E20
0850906E21	渡		水	85	9	U+6E21
0850906E2B	渫		水	85	9	U+6E2B
0850906E2D	渭		水	85	9	U+6E2D
0850906E2F	港		水	85	9	U+6E2F
0850906E3A	渺		水	85	9	U+6E3A
0850906E43	湃		水	85	9	U+6E43
0850906E49	湉		水	85	9	U+6E49
0850906E4E	湎		水	85	9	U+6E4E
0850906E56	湖		水	85	9	U+6E56
0850906E58	湘		水	85	9	U+6E58
0850906E5E	湞		水	85	9	U+6E5E
0850906E5F	湟		水	85	9	U+6E5F
0850906E67	湧		水	85	9	U+6E67
0850906E6B	湫		水	85	9	U+6E6B
0850906E6F	湯		水	85	9	U+6E6F
0850906ECB	滋		水	85	9	U+6ECB
0851006E8F	溏		水	85	10	U+6E8F
0851006E90	源		水	85	10	U+6E90
0851006EA7	溧		水	85	10	U+6EA7
0851006EC1	滁		水	85	10	U+6EC1
0851006EC2	滂		水	85	10	U+6EC2
0851006EC5	滅		水	85	10	U+6EC5
0851006EC9	滉		水	85	10	U+6EC9
0851006ED5	滕		水	85	10	U+6ED5
0851006F22	漢		水	85	10	U+6F22
0851009736	霶		水	85	10	U+9736
0851105C5A	屚		水	85	11	U+5C5A
08511067D2	柒		水	85	11	U+67D2
0851106E86	溆		水	85	11	U+6E86
0851106EEC	滬		水	85	11	U+6EEC
0851106EF7	滷		水	85	11	U+6EF7
0851106EF8	滸		水	85	11	U+6EF8
0851106F01	漁		水	85	11	U+6F01
0851106F09	漉		水	85	11	U+6F09
0851106F0F	漏		水	85	11	U+6F0F
0851106F23	漣		水	85	11	U+6F23
0851106F32	漲		水	85	11	U+6F32
0851106F36	漶		水	85	11	U+6F36
0851106F3F	漿		水	85	11	U+6F3F
0851106F41	潁		水	85	11	U+6F41
0851206F59	潙		水	85	12	U+6F59
0851206F5E	潞		水	85	12	U+6F5E
0851206F62	潢		水	85	12	U+6F62
0851206F64	潤		水	85	12	U+6F64
0851206F68	潨		水	85	12	U+6F68
0851206F70	潰		水	85	12	U+6F70
0851206F78	潸		水	85	12	U+6F78
0851206F90	澐		水	85	12	U+6F90
0851206F92	澒		水	85	12	U+6F92
0851206F97	澗		水	85	12	U+6F97
08513064C1	擁		水	85	13	U+64C1
0851306FA7	澧		水	85	13	U+6FA7
0851306FA8	澨		水	85	13	U+6FA8
0851306FB6	澶		水	85	13	U+6FB6
0851306FC7	濇		水	85	13	U+6FC7
0851306FCA	濊		水	85	13	U+6FCA
0851406FDE	濞		水	85	14	U+6FDE
0851406FEF	濯		水	85	14	U+6FEF
0851506FEB	濫		水	85	15	U+6FEB
0851507006	瀆		水	85	15	U+7006
0851507007	瀇		水	85	15	U+7007
085150700B	瀋		水	85	15	U+700B
0851606F74	潴		水	85	16	U+6F74
085160701B	瀛		水	85	16	U+701B
085160701D	瀝		水	85	16	U+701D
085160701E	瀞		水	85	16	U+701E
0851607028	瀨		水	85	16	U+7028
0851707032	瀲		水	85	17	U+7032
0851707039	瀹		水	85	17	U+7039
0851907058	灘		水	85	19	U+7058
086000706B	火		火	86	0	U+706B
086020706F	灯		火	86	2	U+706F
0860207070	灰		火	86	2	U+7070
0860307078	灸		火	86	3	U+7078
0860407092	炒		火	86	4	U+7092
086050709F	炟		火	86	5	U+709F
08605070AB	炫		火	86	5	U+70AB
08605070AC	炬		火	86	5	U+70AC
08605070AE	炮		火	86	5	U+70AE
08605070B0	炰		火	86	5	U+70B0
0860507232	爲		火	86	5	U+7232
08606070C8	烈		火	86	6	U+70C8
08606070CB	烋		火	86	6	U+70CB
08606070D4	烔		火	86	6	U+70D4
08606070D8	烘		火	86	6	U+70D8
08606070D9	烙		火	86	6	U+70D9
08607070F9	烹		火	86	7	U+70F9
086070712B	焫		火	86	7	U+712B
086080711A	焚		火	86	8	U+711A
086080711C	焜		火	86	8	U+711C
086080716E	煮		火	86	8	U+716E
086090714C	煌		火	86	9	U+714C
086090715C	煜		火	86	9	U+715C
0860907160	煠		火	86	9	U+7160
0860907166	煦		火	86	9	U+7166
0860907169	煩		火	86	9	U+7169
086090716C	煬		火	86	9	U+716C
08611071A8	熨		火	86	11	U+71A8
08611071AC	熬		火	86	11	U+71AC
08611071AF	熯		火	86	11	U+71AF
08611071B1	熱		火	86	11	U+71B1
08611071C1	燁		火	86	11	U+71C1
08613071E7	燧		火	86	13	U+71E7
08613071EE	燮		火	86	13	U+71EE
08614071FF	燿		火	86	14	U+71FF
0861407207	爇		火	86	14	U+7207
0871307235	爵		爪	87	13	U+7235
090000723F	爿		爿	90	0	U+723F
0900407240	牀		爿	90	4	U+7240
0900607242	牂		爿	90	6	U+7242
09013058BB	墻		爿	90	13	U+58BB
0901307246	牆		爿	90	13	U+7246
0910007247	片		片	91	0	U+7247
0910907252	牒		片	91	9	U+7252
0911007253	牓		片	91	10	U+7253
0911507258	牘		片	91	15	U+7258
093000725B	牛		牛	93	0	U+725B
0930407269	物		牛	93	4	U+7269
093050726F	牯		牛	93	5	U+726F
0930507272	牲		牛	93	5	U+7272
0930607277	牷		牛	93	6	U+7277
0930607278	牸		牛	93	6	U+7278
0930607279	特		牛	93	6	U+7279
093070727D	牽		牛	93	7	U+727D
0930807280	犀		牛	93	8	U+7280
0931007296	犖		牛	93	10	U+7296
093110729B	犛		牛	93	11	U+729B
09313072A7	犧		牛	93	13	U+72A7
09315072A2	犢		牛	93	15	U+72A2
09400072AC	犬		犬	94	0	U+72AC
09402072B0	犰		犬	94	2	U+72B0
09403072C0	狀		犬	94	3	U+72C0
09404072C1	狁		犬	94	4	U+72C1
09404072C2	狂		犬	94	4	U+72C2
09404072C4	狄		犬	94	4	U+72C4
09405072CC	狌		犬	94	5	U+72CC
09405072D7	狗		犬	94	5	U+72D7
09405072DB	狛		犬	94	5	U+72DB
09406072E1	狡		犬	94	6	U+72E1
09406072E9	狩		犬	94	6	U+72E9
09407072F3	狳		犬	94	7	U+72F3
09407072F8	狸		犬	94	7	U+72F8
09407072FA	狺		犬	94	7	U+72FA
09407072FB	狻		犬	94	7	U+72FB
09407072FC	狼		犬	94	7	U+72FC
09407072FD	狽		犬	94	7	U+72FD
0940708C8D	貍		犬	94	7	U+8C8D
09408072F0	狰		犬	94	8	U+72F0
0940807307	猇		犬	94	8	U+7307
094080732A	猪		犬	94	8	U+732A
0940807375	獵		犬	94	8	U+7375
0940907329	猩		犬	94	9	U+7329
094100733F	猿		犬	94	10	U+733F
0941107352	獒		犬	94	11	U+7352
0941207378	獸		犬	94	12	U+7378
094130736B	獫		犬	94	13	U+736B
0941507377	獷		犬	94	15	U+7377
094160737A	獺		犬	94	16	U+737A
0950007384	玄		玄	95	0	U+7384
0960007389	玉		玉	96	0	U+7389
096000738B	王		玉	96	0	U+738B
0960307395	玕		玉	96	3	U+7395
0960307396	玖		玉	96	3	U+7396
09604073A0	玠		玉	96	4	U+73A0
096050739F	玟		玉	96	5	U+739F
09605073B9	玹		玉	96	5	U+73B9
09605073C0	珀		玉	96	5	U+73C0
09606073D9	珙		玉	96	6	U+73D9
09606073DE	珞		玉	96	6	U+73DE
09606073E0	珠		玉	96	6	U+73E0
09606073E5	珥		玉	96	6	U+73E5
09606073E9	珩		玉	96	6	U+73E9
09606073ED	班		玉	96	6	U+73ED
09607073FE	現		玉	96	7	U+73FE
0960707403	球		玉	96	7	U+7403
0960707405	琅		玉	96	7	U+7405
0960707406	理		玉	96	7	U+7406
096070746F	瑯		玉	96	7	U+746F
096080741A	琚		玉	96	8	U+741A
0960807424	琤		玉	96	8	U+7424
0960807428	琨		玉	96	8	U+7428
0960807431	琱		玉	96	8	U+7431
0960807433	琳		玉	96	8	U+7433
0960807434	琴		玉	96	8	U+7434
0960907440	瑀		玉	96	9	U+7440
0960907452	瑒		玉	96	9	U+7452
096090745A	瑚		玉	96	9	U+745A
0961007463	瑣		玉	96	10	U+7463
0961007473	瑳		玉	96	10	U+7473
0961107489	璉		玉	96	11	U+7489
0961207490	璐		玉	96	12	U+7490
0961207497	璗		玉	96	12	U+7497
096120749C	璜		玉	96	12	U+749C
096120749F	璟		玉	96	12	U+749F
09705074DE	瓞		瓜	97	5	U+74DE
0980907503	甃		瓦	98	9	U+7503
0981307515	甕		瓦	98	13	U+7515
0981307F4B	罋		瓦	98	13	U+7F4B
099060751C	甜		甘	99	6	U+751C
100000751F	生		生	100	0	U+751F
1000507521	甡		生	100	5	U+7521
1000707525	甥		生	100	7	U+7525
1000707526	甦		生	100	7	U+7526
1010007528	用		用	101	0	U+7528
101020752C	甬		用	101	2	U+752C
1020007530	田		田	102	0	U+7530
1020007531	由		田	102	0	U+7531
1020007533	申		田	102	0	U+7533
1020207537	男		田	102	2	U+7537
1020207538	甸		田	102	2	U+7538
102020753A	町		田	102	2	U+753A
1020307540	畀		田	102	3	U+7540
102040754B	畋		田	102	4	U+754B
102040754C	界		田	102	4	U+754C
102040754E	畎		田	102	4	U+754E
1020407551	畑		田	102	4	U+7551
1020507554	畔		田	102	5	U+7554
1020507560	畠		田	102	5	U+7560
1020607562	畢		田	102	6	U+7562
1020607564	畤		田	102	6	U+7564
1020607565	略		田	102	6	U+7565
10207053E0	叠		田	102	7	U+53E0
102070756C	畬		田	102	7	U+756C
102070756F	畯		田	102	7	U+756F
1020707572	畲		田	102	7	U+7572
10214058C3	壃		田	102	14	U+58C3
102140757A	畺		田	102	14	U+757A
1021407586	疆		田	102	14	U+7586
1030907590	疐		疋	103	9	U+7590
1040007592	疒		疒	104	0	U+7592
1040207594	疔		疒	104	2	U+7594
104030759A	疚		疒	104	3	U+759A
104030759D	疝		疒	104	3	U+759D
10404075A2	疢		疒	104	4	U+75A2
10404075A3	疣		疒	104	4	U+75A3
10404075A5	疥		疒	104	4	U+75A5
10405075B1	疱		疒	104	5	U+75B1
10405075B8	疸		疒	104	5	U+75B8
10405075BC	疼		疒	104	5	U+75BC
10405075C0	痀		疒	104	5	U+75C0
10405075C3	痃		疒	104	5	U+75C3
10405075C7	症		疒	104	5	U+75C7
10406075CA	痊		疒	104	6	U+75CA
10406075CF	痏		疒	104	6	U+75CF
10406075D4	痔		疒	104	6	U+75D4
10407075DB	痛		疒	104	7	U+75DB
10407075DF	痟		疒	104	7	U+75DF
10407075E0	痠		疒	104	7	U+75E0
10407075E2	痢		疒	104	7	U+75E2
10407075E3	痣		疒	104	7	U+75E3
10408075F3	痳		疒	104	8	U+75F3
10408075F9	痹		疒	104	8	U+75F9
10408075FC	痼		疒	104	8	U+75FC
104090760D	瘍		疒	104	9	U+760D
104090760F	瘏		疒	104	9	U+760F
1040907616	瘖		疒	104	9	U+7616
1041007625	瘥		疒	104	10	U+7625
1041207646	癆		疒	104	12	U+7646
1041207647	癇		疒	104	12	U+7647
104120764C	癌		疒	104	12	U+764C
1041207658	癘		疒	104	12	U+7658
1041607667	癧		疒	104	16	U+7667
1041607669	癩		疒	104	16	U+7669
1041807670	癰		疒	104	18	U+7670
106000767D	白		白	106	0	U+767D
106010767E	百		白	106	1	U+767E
1060207682	皂		白	106	2	U+7682
1060407687	皇		白	106	4	U+7687
1060606648	晈		白	106	6	U+6648
106060768B	皋		白	106	6	U+768B
106060768E	皎		白	106	6	U+768E
1060707695	皕		白	106	7	U+7695
10610066A4	暤		白	106	10	U+66A4
106100769B	皛		白	106	10	U+769B
106100769D	皝		白	106	10	U+769D
106100769E	皞		白	106	10	U+769E
10618076AD	皭		白	106	18	U+76AD
10705076B0	皰		皮	107	5	U+76B0
10707076B4	皴		皮	107	7	U+76B4
10804076C5	盅		皿	108	4	U+76C5
10804076C8	盈		皿	108	4	U+76C8
10806076D2	盒		皿	108	6	U+76D2
10806076D4	盔		皿	108	6	U+76D4
10806076D7	盗		皿	108	6	U+76D7
10806076DB	盛		皿	108	6	U+76DB
10810076E3	監		皿	108	10	U+76E3
10811076E6	盦		皿	108	11	U+76E6
10812076EA	盪		皿	108	12	U+76EA
10813076EC	盬		皿	108	13	U+76EC
10900076EE	目		目	109	0	U+76EE
10903076F2	盲		目	109	3	U+76F2
10903076F4	直		目	109	3	U+76F4
10904076F8	相		目	109	4	U+76F8
10904076FB	盻		目	109	4	U+76FB
1090407701	省		目	109	4	U+7701
1090407704	眄		目	109	4	U+7704
1090407707	眇		目	109	4	U+7707
109050771A	眚		目	109	5	U+771A
1090507729	眩		目	109	5	U+7729
1090607736	眶		目	109	6	U+7736
1090707745	睅		目	109	7	U+7745
109070774D	睍		目	109	7	U+774D
1090807741	睁		目	109	8	U+7741
109080775B	睛		目	109	8	U+775B
1090807766	睦		目	109	8	U+7766
1090907779	睹		目	109	9	U+7779
109090777E	睾		目	109	9	U+777E
10912077AF	瞯		目	109	12	U+77AF
10913077AC	瞬		目	109	13	U+77AC
10913077BC	瞼		目	109	13	U+77BC
10913077BD	瞽		目	109	13	U+77BD
1110506998	榘		矢	111	5	U+6998
11105077E9	矩		矢	111	5	U+77E9
11200077F3	石		石	112	0	U+77F3
11203077FB	矻		石	112	3	U+77FB
11203077FC	矼		石	112	3	U+77FC
112040780C	砌		石	112	4	U+780C
1120407814	研		石	112	4	U+7814
1120507821	砡		石	112	5	U+7821
1120507832	砲		石	112	5	U+7832
112050792E	礮		石	112	5	U+792E
1120607843	硃		石	112	6	U+7843
112060784E	硎		石	112	6	U+784E
112070785D	硝		石	112	7	U+785D
1120707868	硨		石	112	7	U+7868
112070786A	硪		石	112	7	U+786A
112070786F	硯		石	112	7	U+786F
11208077F4	矴		石	112	8	U+77F4
1120807887	碇		石	112	8	U+7887
112080788D	碍		石	112	8	U+788D
112090789E	碞		石	112	9	U+789E
11209078A7	碧		石	112	9	U+78A7
11209078A9	碩		石	112	9	U+78A9
11209078AD	碭		石	112	9	U+78AD
11209078C1	磁		石	112	9	U+78C1
11210078C5	磅		石	112	10	U+78C5
11210078CB	磋		石	112	10	U+78CB
11210078D4	磔		石	112	10	U+78D4
11211078E0	磠		石	112	11	U+78E0
11211078EC	磬		石	112	11	U+78EC
11212078F2	磲		石	112	12	U+78F2
1121307910	礐		石	112	13	U+7910
1121307912	礒		石	112	13	U+7912
112140792A	礪		石	112	14	U+792A
1121507926	礦		石	112	15	U+7926
113010793C	礼		示	113	1	U+793C
11301079AE	禮		示	113	1	U+79AE
113030793E	社		示	113	3	U+793E
1130407946	祆		示	113	4	U+7946
1130407949	祉		示	113	4	U+7949
113040794A	祊		示	113	4	U+794A
1130507950	祐		示	113	5	U+7950
113050795C	祜		示	113	5	U+795C
113050795E	神		示	113	5	U+795E
1130807981	禁		示	113	8	U+7981
113090798E	禎		示	113	9	U+798E
11311079A6	禦		示	113	11	U+79A6
11317079B4	禴		示	113	17	U+79B4
11404079B9	禹		禸	114	4	U+79B9
11408079BD	禽		禸	114	8	U+79BD
11503079C8	秈		禾	115	3	U+79C8
11504079CB	秋		禾	115	4	U+79CB
11504079CD	种		禾	115	4	U+79CD
11504079D2	秒		禾	115	4	U+79D2
11505079E4	秤		禾	115	5	U+79E4
11505079E9	秩		禾	115	5	U+79E9
11505079EB	秫		禾	115	5	U+79EB
11505079EC	秬		禾	115	5	U+79EC
1150507A31	稱		禾	115	5	U+7A31
11507079C6	秆		禾	115	7	U+79C6
1150707A02	稂		禾	115	7	U+7A02
1150707A03	稃		禾	115	7	U+7A03
1150707A08	稈		禾	115	7	U+7A08
1150707A0B	程		禾	115	7	U+7A0B
1150707A0C	稌		禾	115	7	U+7A0C
1150707A0D	稍		禾	115	7	U+7A0D
1150807980	禀		禾	115	8	U+7980
1150807A11	稑		禾	115	8	U+7A11
1150807A14	稔		禾	115	8	U+7A14
1150807A19	稙		禾	115	8	U+7A19
1150807A20	稠		禾	115	8	U+7A20
1151107A46	穆		禾	115	11	U+7A46
1151107A4E	穎		禾	115	11	U+7A4E
1151307A5F	穟		禾	115	13	U+7A5F
1151307A61	穡		禾	115	13	U+7A61
1151307A62	穢		禾	115	13	U+7A62
1160207A76	究		穴	116	2	U+7A76
1160307A78	穸		穴	116	3	U+7A78
1160307A79	穹		穴	116	3	U+7A79
1160307A7A	空		穴	116	3	U+7A7A
1160407A7D	穽		穴	116	4	U+7A7D
1160407A7F	穿		穴	116	4	U+7A7F
1160407ACA	竊		穴	116	4	U+7ACA
1160409631	阱		穴	116	4	U+9631
1160607A92	窒		穴	116	6	U+7A92
1160607A94	窔		穴	116	6	U+7A94
1160707A98	窘		穴	116	7	U+7A98
1160807A9F	窟		穴	116	8	U+7A9F
1161007AAE	窮		穴	116	10	U+7AAE
1161007AAF	窯		穴	116	10	U+7AAF
1161107ABA	窺		穴	116	11	U+7ABA
11611095DA	闚		穴	116	11	U+95DA
1161207ABE	窾		穴	116	12	U+7ABE
1161507AC7	竇		穴	116	15	U+7AC7
1170007ACB	立		立	117	0	U+7ACB
1170707AE3	竣		立	117	7	U+7AE3
1180007AF9	竹		竹	118	0	U+7AF9
1180207AFA	竺		竹	118	2	U+7AFA
1180307AFF	竿		竹	118	3	U+7AFF
1180407B08	笈		竹	118	4	U+7B08
1180407B0F	笏		竹	118	4	U+7B0F
1180407B11	笑		竹	118	4	U+7B11
1180507B19	笙		竹	118	5	U+7B19
1180507B1B	笛		竹	118	5	U+7B1B
1180507B20	笠		竹	118	5	U+7B20
1180507B28	笨		竹	118	5	U+7B28
1180507B2A	笪		竹	118	5	U+7B2A
1180507B2F	笯		竹	118	5	U+7B2F
1180507B31	笱		竹	118	5	U+7B31
1180507B39	笹		竹	118	5	U+7B39
1180607B04	笄		竹	118	6	U+7B04
1180607B0B	笋		竹	118	6	U+7B0B
1180607B45	筅		竹	118	6	U+7B45
1180607B46	筆		竹	118	6	U+7B46
1180607B47	筇		竹	118	6	U+7B47
1180607B49	等		竹	118	6	U+7B49
1180607B4C	筌		竹	118	6	U+7B4C
1180607B50	筐		竹	118	6	U+7B50
1180607B51	筑		竹	118	6	U+7B51
1180607B52	筒		竹	118	6	U+7B52
1180607B54	答		竹	118	6	U+7B54
1180607B69	筩		竹	118	6	U+7B69
1180707B64	筤		竹	118	7	U+7B64
1180707B65	筥		竹	118	7	U+7B65
1180707B67	筧		竹	118	7	U+7B67
1180707B6E	筮		竹	118	7	U+7B6E
1180707B72	筲		竹	118	7	U+7B72
1180805284	劄		竹	118	8	U+5284
1180807B5D	筝		竹	118	8	U+7B5D
1180807B92	箒		竹	118	8	U+7B92
1180807B94	箔		竹	118	8	U+7B94
1180807B9C	箜		竹	118	8	U+7B9C
118090420E	䈎		竹	118	9	U+420E
1180907BB1	箱		竹	118	9	U+7BB1
1180907BB8	箸		竹	118	9	U+7BB8
1180907BC1	篁		竹	118	9	U+7BC1
1181007BC9	築		竹	118	10	U+7BC9
1181007BD4	篔		竹	118	10	U+7BD4
1181007BE4	篤		竹	118	10	U+7BE4
1181007BE5	篥		竹	118	10	U+7BE5
1181107C09	簉		竹	118	11	U+7C09
1181107C0F	簏		竹	118	11	U+7C0F
1181207BF3	篳		竹	118	12	U+7BF3
1181207C21	簡		竹	118	12	U+7C21
1181207C23	簣		竹	118	12	U+7C23
1181207C27	簧		竹	118	12	U+7C27
1181307C33	簳		竹	118	13	U+7C33
1181307C3D	簽		竹	118	13	U+7C3D
1181407C43	籃		竹	118	14	U+7C43
1181407C4A	籊		竹	118	14	U+7C4A
1181507C50	籐		竹	118	15	U+7C50
1181607C5F	籟		竹	118	16	U+7C5F
1181707C65	籥		竹	118	17	U+7C65
1181907C69	籩		竹	118	19	U+7C69
1182607C72	籲		竹	118	26	U+7C72
1182609FA5	龥		竹	118	26	U+9FA5
1190007C73	米		米	119	0	U+7C73
1190307C81	粁		米	119	3	U+7C81
1190307C82	粂		米	119	3	U+7C82
1190407C8D	粍		米	119	4	U+7C8D
1190507C92	粒		米	119	5	U+7C92
1190507C94	粔		米	119	5	U+7C94
1190507C95	粕		米	119	5	U+7C95
1190607CA7	粧		米	119	6	U+7CA7
1190707CB1	粱		米	119	7	U+7CB1
1190707CC0	糀		米	119	7	U+7CC0
1190807CBE	精		米	119	8	U+7CBE
1190907CCA	糊		米	119	9	U+7CCA
1190907CCE	糎		米	119	9	U+7CCE
1191007CD5	糕		米	119	10	U+7CD5
1191007CD6	糖		米	119	10	U+7CD6
119100993B	餻		米	119	10	U+993B
1191107A45	穅		米	119	11	U+7A45
1191107CD9	糙		米	119	11	U+7CD9
1191107CDE	糞		米	119	11	U+7CDE
1191107CE0	糠		米	119	11	U+7CE0
1191207CAE	粮		米	119	12	U+7CAE
1191207CE7	糧		米	119	12	U+7CE7
1191407CF2	糲		米	119	14	U+7CF2
1191607CF4	糴		米	119	16	U+7CF4
1191907CF6	糶		米	119	19	U+7CF6
1200007CF8	糸		糸	120	0	U+7CF8
1200007D72	絲		糸	120	0	U+7D72
1200107CFB	系		糸	120	1	U+7CFB
120030675E	杞		糸	120	3	U+675E
1200307CFE	糾		糸	120	3	U+7CFE
1200307D00	紀		糸	120	3	U+7D00
1200307D02	紂		糸	120	3	U+7D02
1200307D03	紃		糸	120	3	U+7D03
1200307D05	紅		糸	120	3	U+7D05
1200307D07	紇		糸	120	3	U+7D07
1200307D1A	級		糸	120	3	U+7D1A
1200407D0A	紊		糸	120	4	U+7D0A
1200407D0B	紋		糸	120	4	U+7D0B
1200407D0D	納		糸	120	4	U+7D0D
1200407D13	紓		糸	120	4	U+7D13
1200407D15	紕		糸	120	4	U+7D15
1200407D1C	紜		糸	120	4	U+7D1C
1200407D21	紡		糸	120	4	U+7D21
1200507D2C	紬		糸	120	5	U+7D2C
1200507D2E	紮		糸	120	5	U+7D2E
1200507D32	紲		糸	120	5	U+7D32
1200507D33	紳		糸	120	5	U+7D33
1200507D40	絀		糸	120	5	U+7D40
1200507D42	終		糸	120	5	U+7D42
1200507D43	絃		糸	120	5	U+7D43
1200507D46	絆		糸	120	5	U+7D46
1200507D47	絇		糸	120	5	U+7D47
1200507D48	絈		糸	120	5	U+7D48
1200507D4F	絏		糸	120	5	U+7D4F
1200507DE4	緤		糸	120	5	U+7DE4
1200607D4E	絎		糸	120	6	U+7D4E
1200607D50	結		糸	120	6	U+7D50
1200607D5E	絞		糸	120	6	U+7D5E
1200607D61	絡		糸	120	6	U+7D61
1200607D66	給		糸	120	6	U+7D66
1200607D6E	絮		糸	120	6	U+7D6E
1200607D70	絰		糸	120	6	U+7D70
1200607D71	統		糸	120	6	U+7D71
1200607D76	絶		糸	120	6	U+7D76
1200707D7F	絿		糸	120	7	U+7D7F
1200707D83	綃		糸	120	7	U+7D83
1200707E8C	續		糸	120	7	U+7E8C
1200807D9D	綝		糸	120	8	U+7D9D
1200807DA2	綢		糸	120	8	U+7DA2
1200807DAA	綪		糸	120	8	U+7DAA
1200807DAC	綬		糸	120	8	U+7DAC
1200807DAF	綯		糸	120	8	U+7DAF
1200807DB1	綱		糸	120	8	U+7DB1
1200807DB2	網		糸	120	8	U+7DB2
1200807DBB	綻		糸	120	8	U+7DBB
1200807DC4	緄		糸	120	8	U+7DC4
1200807DD2	緒		糸	120	8	U+7DD2
1200907DCA	緊		糸	120	9	U+7DCA
1200907DD7	緗		糸	120	9	U+7DD7
1200907DEC	緬		糸	120	9	U+7DEC
1201007DFB	緻		糸	120	10	U+7DFB
1201007E22	縢		糸	120	10	U+7E22
1201107E2E	縮		糸	120	11	U+7E2E
1201107E3A	縺		糸	120	11	U+7E3A
1201107E66	繦		糸	120	11	U+7E66
1201207E56	繖		糸	120	12	U+7E56
1201207E6D	繭		糸	120	12	U+7E6D
1201507E86	纆		糸	120	15	U+7E86
1201507E88	纈		糸	120	15	U+7E88
1201507E8A	纊		糸	120	15	U+7E8A
1201507E8F	纏		糸	120	15	U+7E8F
1202107E9C	纜		糸	120	21	U+7E9C
1210007F36	缶		缶	121	0	U+7F36
1210307F38	缸		缶	121	3	U+7F38
1211107F44	罄		缶	121	11	U+7F44
1220007F51	网		网	122	0	U+7F51
1220307F54	罔		网	122	3	U+7F54
1220307F55	罕		网	122	3	U+7F55
1220507F5F	罟		网	122	5	U+7F5F
1220807F6E	置		网	122	8	U+7F6E
1220807F72	署		网	122	8	U+7F72
1221207F7D	罽		网	122	12	U+7F7D
1230307F91	羑		羊	123	3	U+7F91
1230407F94	羔		羊	123	4	U+7F94
1230407F96	羖		羊	123	4	U+7F96
1230507F9E	羞		羊	123	5	U+7F9E
1230607740	着		羊	123	6	U+7740
1230707FA4	群		羊	123	7	U+7FA4
1230707FA9	義		羊	123	7	U+7FA9
1231007FB2	羲		羊	123	10	U+7FB2
1231307FB6	羶		羊	123	13	U+7FB6
1231307FB9	羹		羊	123	13	U+7FB9
1240307FBF	羿		羽	124	3	U+7FBF
1240507FCA	翊		羽	124	5	U+7FCA
1240507FCC	翌		羽	124	5	U+7FCC
1240607FD5	翕		羽	124	6	U+7FD5
1240807FDF	翟		羽	124	8	U+7FDF
1240907FE5	翥		羽	124	9	U+7FE5
1241207FF1	翱		羽	124	12	U+7FF1
1241408000	耀		羽	124	14	U+8000
1250408005	者		老	125	4	U+8005
1250508007	耇		老	125	5	U+8007
125060800B	耋		老	125	6	U+800B
1270308014	耔		耒	127	3	U+8014
1270408015	耕		耒	127	4	U+8015
1270408018	耘		耒	127	4	U+8018
1271508030	耰		耒	127	15	U+8030
1280008033	耳		耳	128	0	U+8033
128040803F	耿		耳	128	4	U+803F
1280708058	聘		耳	128	7	U+8058
128080805E	聞		耳	128	8	U+805E
128110806F	聯		耳	128	11	U+806F
1281108071	聱		耳	128	11	U+8071
1281208075	聵		耳	128	12	U+8075
129000807F	聿		聿	129	0	U+807F
1290708084	肄		聿	129	7	U+8084
1290708086	肆		聿	129	7	U+8086
1300008089	肉		肉	130	0	U+8089
130020808B	肋		肉	130	2	U+808B
1300308093	肓		肉	130	3	U+8093
1300308096	肖		肉	130	3	U+8096
1300308098	肘		肉	130	3	U+8098
130030809A	肚		肉	130	3	U+809A
130030809B	肛		肉	130	3	U+809B
130030809C	肜		肉	130	3	U+809C
130030809D	肝		肉	130	3	U+809D
13004080A1	股		肉	130	4	U+80A1
13004080A5	肥		肉	130	4	U+80A5
13004080A9	肩		肉	130	4	U+80A9
13004080AA	肪		肉	130	4	U+80AA
13004080AC	肬		肉	130	4	U+80AC
1300504F37	伷		肉	130	5	U+4F37
1300506710	朐		肉	130	5	U+6710
13005080C3	胃		肉	130	5	U+80C3
13005080C4	胄		肉	130	5	U+80C4
13005080C6	胆		肉	130	5	U+80C6
13005080D6	胖		肉	130	5	U+80D6
13005080DE	胞		肉	130	5	U+80DE
13005080E1	胡		肉	130	5	U+80E1
13005080E4	胤		肉	130	5	U+80E4
13006080F1	胱		肉	130	6	U+80F1
13006080F3	胳		肉	130	6	U+80F3
13006080F4	胴		肉	130	6	U+80F4
13006080F8	胸		肉	130	6	U+80F8
1300608106	脆		肉	130	6	U+8106
1300706718	朘		肉	130	7	U+6718
130070812C	脬		肉	130	7	U+812C
1300808139	脹		肉	130	8	U+8139
1300808146	腆		肉	130	8	U+8146
130080814B	腋		肉	130	8	U+814B
1300808154	腔		肉	130	8	U+8154
13009080DC	胜		肉	130	9	U+80DC
130090814E	腎		肉	130	9	U+814E
1300908165	腥		肉	130	9	U+8165
1300908169	腩		肉	130	9	U+8169
1300908174	腴		肉	130	9	U+8174
1300908178	腸		肉	130	9	U+8178
130100817F	腿		肉	130	10	U+817F
1301008180	膀		肉	130	10	U+8180
1301008182	膂		肉	130	10	U+8182
130100818B	膋		肉	130	10	U+818B
1301009AC8	髈		肉	130	10	U+9AC8
13012081A9	膩		肉	130	12	U+81A9
13013081BB	膻		肉	130	13	U+81BB
13013081C6	臆		肉	130	13	U+81C6
13013081C9	臉		肉	130	13	U+81C9
13015081D8	臘		肉	130	15	U+81D8
13015081DF	臟		肉	130	15	U+81DF
13100081E3	臣		臣	131	0	U+81E3
13102081E4	臤		臣	131	2	U+81E4
13108081E7	臧		臣	131	8	U+81E7
13111081E8	臨		臣	131	11	U+81E8
13300081F3	至		至	133	0	U+81F3
13304081F4	致		至	133	4	U+81F4
13400081FC	臼		臼	134	0	U+81FC
13402081FE	臾		臼	134	2	U+81FE
1340708205	舅		臼	134	7	U+8205
1350608212	舒		舌	135	6	U+8212
136000821B	舛		舛	136	0	U+821B
136060821C	舜		舛	136	6	U+821C
137000821F	舟		舟	137	0	U+821F
1370308221	舡		舟	137	3	U+8221
137040822B	舫		舟	137	4	U+822B
1370508233	舳		舟	137	5	U+8233
1370508236	舶		舟	137	5	U+8236
1370508237	舷		舟	137	5	U+8237
1370708245	艅		舟	137	7	U+8245
1371308264	艤		舟	137	13	U+8264
1371508266	艦		舟	137	15	U+8266
137150826A	艪		舟	137	15	U+826A
138010826F	良		艮	138	1	U+826F
1390008272	色		色	139	0	U+8272
1400008278	艸		艸	140	0	U+8278
140020827D	艽		艸	140	2	U+827D
140030828A	芊		艸	140	3	U+828A
140030828E	芎		艸	140	3	U+828E
1400308291	芑		艸	140	3	U+8291
1400308292	芒		艸	140	3	U+8292
140030829D	芝		艸	140	3	U+829D
140040829F	芟		艸	140	4	U+829F
14004082A1	芡		艸	140	4	U+82A1
14004082A5	芥		艸	140	4	U+82A5
14004082A7	芧		艸	140	4	U+82A7
14004082A8	芨		艸	140	4	U+82A8
14004082A9	芩		艸	140	4	U+82A9
14004082AE	芮		艸	140	4	U+82AE
14004082B1	花		艸	140	4	U+82B1
14004082B3	芳		艸	140	4	U+82B3
14004082B4	芴		艸	140	4	U+82B4
14004082B7	芷		艸	140	4	U+82B7
14004082B8	芸		艸	140	4	U+82B8
14004084FA	蓺		艸	140	4	U+84FA
14004085DD	藝		艸	140	4	U+85DD
1400408624	蘤		艸	140	4	U+8624
14005082D9	苙		艸	140	5	U+82D9
14005082DC	苜		艸	140	5	U+82DC
14005082DE	苞		艸	140	5	U+82DE
14005082DF	苟		艸	140	5	U+82DF
14005082E3	苣		艸	140	5	U+82E3
14005082E6	苦		艸	140	5	U+82E6
1400508301	茁		艸	140	5	U+8301
1400605179	兹		艸	140	6	U+5179
1400608317	茗		艸	140	6	U+8317
1400608322	茢		艸	140	6	U+8322
140060832B	茫		艸	140	6	U+832B
140060832D	茭		艸	140	6	U+832D
140060832F	茯		艸	140	6	U+832F
1400608331	茱		艸	140	6	U+8331
1400608334	茴		艸	140	6	U+8334
1400608336	茶		艸	140	6	U+8336
1400608338	茸		艸	140	6	U+8338
1400608339	茹		艸	140	6	U+8339
140060833A	茺		艸	140	6	U+833A
1400608343	荃		艸	140	6	U+8343
1400608345	荅		艸	140	6	U+8345
1400608346	荆		艸	140	6	U+8346
1400608347	荇		艸	140	6	U+8347
1400608349	草		艸	140	6	U+8349
140060834D	荍		艸	140	6	U+834D
1400608350	荐		艸	140	6	U+8350
1400608352	荒		艸	140	6	U+8352
140060838A	莊		艸	140	6	U+838A
1400608395	莕		艸	140	6	U+8395
140070837B	荻		艸	140	7	U+837B
140070837C	荼		艸	140	7	U+837C
1400708385	莅		艸	140	7	U+8385
140070838D	莍		艸	140	7	U+838D
1400708392	莒		艸	140	7	U+8392
14007083A7	莧		艸	140	7	U+83A7
14007083A8	莨		艸	140	7	U+83A8
14007083AA	莪		艸	140	7	U+83AA
14007083EF	華		艸	140	7	U+83EF
14008083C1	菁		艸	140	8	U+83C1
14008083DF	菟		艸	140	8	U+83DF
1400808404	萄		艸	140	8	U+8404
1400808407	萇		艸	140	8	U+8407
140080840A	萊		艸	140	8	U+840A
1400808457	著		艸	140	8	U+8457
1400908429	萩		艸	140	9	U+8429
1400908438	萸		艸	140	9	U+8438
140090843D	落		艸	140	9	U+843D
1400908446	葆		艸	140	9	U+8446
1400908449	葉		艸	140	9	U+8449
140090844E	葎		艸	140	9	U+844E
1400908459	葙		艸	140	9	U+8459
140090846B	葫		艸	140	9	U+846B
140090846C	葬		艸	140	9	U+846C
1400908470	葰		艸	140	9	U+8470
1400908473	葳		艸	140	9	U+8473
1400908476	葶		艸	140	9	U+8476
1401008494	蒔		艸	140	10	U+8494
1401008497	蒗		艸	140	10	U+8497
140100849F	蒟		艸	140	10	U+849F
14010084A1	蒡		艸	140	10	U+84A1
14010084AF	蒯		艸	140	10	U+84AF
14010084C6	蓆		艸	140	10	U+84C6
14010084CF	蓏		艸	140	10	U+84CF
14010084EE	蓮		艸	140	10	U+84EE
14011084FD	蓽		艸	140	11	U+84FD
14011084FF	蓿		艸	140	11	U+84FF
1401108517	蔗		艸	140	11	U+8517
140110851A	蔚		艸	140	11	U+851A
1401108523	蔣		艸	140	11	U+8523
140110852D	蔭		艸	140	11	U+852D
140110853B	蔻		艸	140	11	U+853B
1401208553	蕓		艸	140	12	U+8553
1401208562	蕢		艸	140	12	U+8562
1401208563	蕣		艸	140	12	U+8563
1401208568	蕨		艸	140	12	U+8568
1401208569	蕩		艸	140	12	U+8569
1401208573	蕳		艸	140	12	U+8573
14012085CF	藏		艸	140	12	U+85CF
1401308557	蕗		艸	140	13	U+8557
1401308577	蕷		艸	140	13	U+8577
140130857B	蕻		艸	140	13	U+857B
140130858F	薏		艸	140	13	U+858F
1401308591	薑		艸	140	13	U+8591
1401308594	薔		艸	140	13	U+8594
140130859F	薟		艸	140	13	U+859F
14014085AF	薯		艸	140	14	U+85AF
14014085B9	薹		艸	140	14	U+85B9
14015085CD	藍		艸	140	15	U+85CD
14015085DA	藚		艸	140	15	U+85DA
14015085E4	藤		艸	140	15	U+85E4
14015085ED	藭		艸	140	15	U+85ED
1401607A4C	穌		艸	140	16	U+7A4C
14016085F6	藶		艸	140	16	U+85F6
14016085F7	藷		艸	140	16	U+85F7
14016085FA	藺		艸	140	16	U+85FA
1401608605	蘅		艸	140	16	U+8605
1401608607	蘇		艸	140	16	U+8607
140170861E	蘞		艸	140	17	U+861E
1410408653	虓		虍	141	4	U+8653
1410408654	虔		虍	141	4	U+8654
141070865E	虞		虍	141	7	U+865E
142000866B	虫		虫	142	0	U+866B
14200087F2	蟲		虫	142	0	U+87F2
142020866C	虬		虫	142	2	U+866C
1420308679	虹		虫	142	3	U+8679
142030867B	虻		虫	142	3	U+867B
142040868A	蚊		虫	142	4	U+868A
142040868B	蚋		虫	142	4	U+868B
1420408695	蚕		虫	142	4	U+8695
14204086A9	蚩		虫	142	4	U+86A9
14204086AA	蚪		虫	142	4	U+86AA
14205086AF	蚯		虫	142	5	U+86AF
14205086B0	蚰		虫	142	5	U+86B0
14205086C4	蛄		虫	142	5	U+86C4
1420608698	蚘		虫	142	6	U+8698
14206086D4	蛔		虫	142	6	U+86D4
14206086D5	蛕		虫	142	6	U+86D5
14206086DB	蛛		虫	142	6	U+86DB
14206086DF	蛟		虫	142	6	U+86DF
14206086E3	蛣		虫	142	6	U+86E3
14206086E4	蛤		虫	142	6	U+86E4
14206086E9	蛩		虫	142	6	U+86E9
14206086ED	蛭		虫	142	6	U+86ED
14207086F8	蛸		虫	142	7	U+86F8
14207086F9	蛹		虫	142	7	U+86F9
14207086FE	蛾		虫	142	7	U+86FE
1420708706	蜆		虫	142	7	U+8706
1420708708	蜈		虫	142	7	U+8708
1420708709	蜉		虫	142	7	U+8709
142070870B	蜋		虫	142	7	U+870B
142070870D	蜍		虫	142	7	U+870D
1420708782	螂		虫	142	7	U+8782
1420808729	蜩		虫	142	8	U+8729
142080873B	蜻		虫	142	8	U+873B
142090732C	猬		虫	142	9	U+732C
1420908757	蝗		虫	142	9	U+8757
142090875F	蝟		虫	142	9	U+875F
1420908772	蝲		虫	142	9	U+8772
1420908774	蝴		虫	142	9	U+8774
1420908776	蝶		虫	142	9	U+8776
1421008788	螈		虫	142	10	U+8788
142100878D	融		虫	142	10	U+878D
1421008797	螗		虫	142	10	U+8797
14210087A3	螣		虫	142	10	U+87A3
14211087AB	螫		虫	142	11	U+87AB
14211087AF	螯		虫	142	11	U+87AF
14211087BD	螽		虫	142	11	U+87BD
14212087E5	蟥		虫	142	12	U+87E5
1421208806	蠆		虫	142	12	U+8806
14213087FA	蟺		虫	142	13	U+87FA
14213087FB	蟻		虫	142	13	U+87FB
1421408823	蠣		虫	142	14	U+8823
142150881F	蠟		虫	142	15	U+881F
1421708831	蠱		虫	142	17	U+8831
1421808839	蠹		虫	142	18	U+8839
1430608846	衆		血	143	6	U+8846
144000884C	行		行	144	0	U+884C
144030884E	衎		行	144	3	U+884E
1440508852	衒		行	144	5	U+8852
1440508853	術		行	144	5	U+8853
1440608855	衕		行	144	6	U+8855
1440708859	衙		行	144	7	U+8859
144090885A	衚		行	144	9	U+885A
144100885B	衛		行	144	10	U+885B
1441008861	衡		行	144	10	U+8861
1450008863	衣		衣	145	0	U+8863
145030886B	衫		衣	145	3	U+886B
1450308877	衷		衣	145	3	U+8877
1450408872	衲		衣	145	4	U+8872
1450408875	衵		衣	145	4	U+8875
145040887E	衾		衣	145	4	U+887E
145040887F	衿		衣	145	4	U+887F
1450408881	袁		衣	145	4	U+8881
145050888D	袍		衣	145	5	U+888D
1450508892	袒		衣	145	5	U+8892
1450508896	袖		衣	145	5	U+8896
14505088A0	袠		衣	145	5	U+88A0
14505088A2	袢		衣	145	5	U+88A2
14506088B7	袷		衣	145	6	U+88B7
14506088BA	袺		衣	145	6	U+88BA
14506088BD	袽		衣	145	6	U+88BD
14506088C2	裂		衣	145	6	U+88C2
14506088DD	裝		衣	145	6	U+88DD
1450608932	褲		衣	145	6	U+8932
1450705E2C	帬		衣	145	7	U+5E2C
14507088CE	裎		衣	145	7	U+88CE
14507088CF	裏		衣	145	7	U+88CF
14507088D2	裒		衣	145	7	U+88D2
14507088D4	裔		衣	145	7	U+88D4
14507088D8	裘		衣	145	7	U+88D8
14507088D9	裙		衣	145	7	U+88D9
14507088DB	裛		衣	145	7	U+88DB
14508088EF	裯		衣	145	8	U+88EF
14508088FE	裾		衣	145	8	U+88FE
1450907DE5	緥		衣	145	9	U+7DE5
1450908912	褒		衣	145	9	U+8912
1450908913	褓		衣	145	9	U+8913
145090891A	褚		衣	145	9	U+891A
1451008927	褧		衣	145	10	U+8927
1451008930	褰		衣	145	10	U+8930
145110893B	褻		衣	145	11	U+893B
1451108941	襁		衣	145	11	U+8941
1451208947	襇		衣	145	12	U+8947
145130895A	襚		衣	145	13	U+895A
145130895F	襟		衣	145	13	U+895F
1451308962	襢		衣	145	13	U+8962
1451408964	襤		衣	145	14	U+8964
145150896D	襭		衣	145	15	U+896D
147000898B	見		見	147	0	U+898B
147040898F	規		見	147	4	U+898F
14705089BA	覺		見	147	5	U+89BA
14710089BD	覽		見	147	10	U+89BD
14715089BF	覿		見	147	15	U+89BF
14806089E5	觥		角	148	6	U+89E5
14806089F5	觵		角	148	6	U+89F5
14807089D3	觓		角	148	7	U+89D3
14807089E9	觩		角	148	7	U+89E9
14811089F4	觴		角	148	11	U+89F4
1490008A00	言		言	149	0	U+8A00
1490208A02	訂		言	149	2	U+8A02
1490208A08	計		言	149	2	U+8A08
1490308A0C	訌		言	149	3	U+8A0C
1490308A0E	討		言	149	3	U+8A0E
1490308A10	訐		言	149	3	U+8A10
1490308A13	訓		言	149	3	U+8A13
1490308A15	訕		言	149	3	U+8A15
1490308A16	訖		言	149	3	U+8A16
1490308A18	記		言	149	3	U+8A18
1490408A1B	訛		言	149	4	U+8A1B
1490408A25	訥		言	149	4	U+8A25
1490408A27	訧		言	149	4	U+8A27
1490408A29	訩		言	149	4	U+8A29
1490408A2A	訪		言	149	4	U+8A2A
1490408A2D	設		言	149	4	U+8A2D
1490408A31	許		言	149	4	U+8A31
1490408B4C	譌		言	149	4	U+8B4C
149050548F	咏		言	149	5	U+548F
1490508A35	訵		言	149	5	U+8A35
1490508A3C	証		言	149	5	U+8A3C
1490508A41	詁		言	149	5	U+8A41
1490508A4E	詎		言	149	5	U+8A4E
1490508A58	詘		言	149	5	U+8A58
1490508A60	詠		言	149	5	U+8A60
1490608A69	詩		言	149	6	U+8A69
1490608A6C	詬		言	149	6	U+8A6C
1490608A6E	詮		言	149	6	U+8A6E
1490608A75	詵		言	149	6	U+8A75
1490608A7C	詼		言	149	6	U+8A7C
1490608A85	誅		言	149	6	U+8A85
1490608AA0	誠		言	149	6	U+8AA0
1490708A8C	誌		言	149	7	U+8A8C
1490708A91	誑		言	149	7	U+8A91
1490708A9A	誚		言	149	7	U+8A9A
1490708A9E	語		言	149	7	U+8A9E
1490708AA1	誡		言	149	7	U+8AA1
1490708AA3	誣		言	149	7	U+8AA3
1490708AA4	誤		言	149	7	U+8AA4
1490708AA6	誦		言	149	7	U+8AA6
1490708B80	讀		言	149	7	U+8B80
1490808ABC	誼		言	149	8	U+8ABC
1490808ABE	誾		言	149	8	U+8ABE
1490808ABF	調		言	149	8	U+8ABF
1490808ACB	請		言	149	8	U+8ACB
1490808ACD	諍		言	149	8	U+8ACD
1490808AD2	諒		言	149	8	U+8AD2
1490808AD7	諗		言	149	8	U+8AD7
1490808AF8	諸		言	149	8	U+8AF8
1490908ADB	諛		言	149	9	U+8ADB
1490908ADC	諜		言	149	9	U+8ADC
1490908AF3	諳		言	149	9	U+8AF3
1490908B02	謂		言	149	9	U+8B02
1491008A70	詰		言	149	10	U+8A70
1491008B04	謄		言	149	10	U+8B04
1491008B07	謇		言	149	10	U+8B07
1491008B0E	謎		言	149	10	U+8B0E
1491008B17	謗		言	149	10	U+8B17
1491008B1D	謝		言	149	10	U+8B1D
1491108B26	謦		言	149	11	U+8B26
1491108B37	謷		言	149	11	U+8B37
1491108B41	譁		言	149	11	U+8B41
1491208B5C	譜		言	149	12	U+8B5C
1491208B66	警		言	149	12	U+8B66
1491308B70	議		言	149	13	U+8B70
1491608B8E	讎		言	149	16	U+8B8E
1492208B9F	讟		言	149	22	U+8B9F
1500708C3D	谽		谷	150	7	U+8C3D
1510308C47	豇		豆	151	3	U+8C47
1510608C4A	豊		豆	151	6	U+8C4A
1520008C55	豕		豕	152	0	U+8C55
1530608C85	貅		豸	153	6	U+8C85
1530608C89	貉		豸	153	6	U+8C89
1530608C8A	貊		豸	153	6	U+8C8A
1540008C9D	貝		貝	154	0	U+8C9D
1540208C9E	貞		貝	154	2	U+8C9E
1540208CA0	負		貝	154	2	U+8CA0
1540308CA2	貢		貝	154	3	U+8CA2
1540408CA8	貨		貝	154	4	U+8CA8
1540408CAA	貪		貝	154	4	U+8CAA
1540408CAB	貫		貝	154	4	U+8CAB
1540508CB0	貰		貝	154	5	U+8CB0
1540508CB4	貴		貝	154	5	U+8CB4
1540508CBA	貺		貝	154	5	U+8CBA
1540608CC2	賂		貝	154	6	U+8CC2
1540608CC4	賄		貝	154	6	U+8CC4
1540708CD2	賒		貝	154	7	U+8CD2
1540708CD5	賕		貝	154	7	U+8CD5
1540808CD9	賙		貝	154	8	U+8CD9
1540808CDA	賚		貝	154	8	U+8CDA
1540808CE1	賡		貝	154	8	U+8CE1
1540908CE2	賢		貝	154	9	U+8CE2
1540908CED	賭		貝	154	9	U+8CED
1541008CF8	賸		貝	154	10	U+8CF8
1541208D07	贇		貝	154	12	U+8D07
1541308D0F	贏		貝	154	13	U+8D0F
1541408D14	贔		貝	154	14	U+8D14
1541408D1C	贜		貝	154	14	U+8D1C
1541508D16	贖		貝	154	15	U+8D16
1550008D64	赤		赤	155	0	U+8D64
1550408D66	赦		赤	155	4	U+8D66
1550608D69	赩		赤	155	6	U+8D69
1550708D6B	赫		赤	155	7	U+8D6B
1550908D6C	赬		赤	155	9	U+8D6C
1550908D6D	赭		赤	155	9	U+8D6D
1560308D73	赳		走	156	3	U+8D73
1560308D77	起		走	156	3	U+8D77
1560508D8A	越		走	156	5	U+8D8A
1560708D95	趕		走	156	7	U+8D95
1560708D99	趙		走	156	7	U+8D99
1561408DAF	趯		走	156	14	U+8DAF
1570008DB3	足		足	157	0	U+8DB3
1570408DBE	趾		足	157	4	U+8DBE
1570508DCC	跌		足	157	5	U+8DCC
1570508DD1	跑		足	157	5	U+8DD1
1570508DD6	跖		足	157	5	U+8DD6
1570508DDD	距		足	157	5	U+8DDD
1570508E60	蹠		足	157	5	U+8E60
1570608DE3	跣		足	157	6	U+8DE3
1570608DEB	跫		足	157	6	U+8DEB
1570608DEF	路		足	157	6	U+8DEF
1570708DFC	跼		足	157	7	U+8DFC
1570708DFD	跽		足	157	7	U+8DFD
1570708E06	踆		足	157	7	U+8E06
1570708E09	踉		足	157	7	U+8E09
1570708E0A	踊		足	157	7	U+8E0A
1570708E34	踴		足	157	7	U+8E34
1570808E1E	踞		足	157	8	U+8E1E
1570908E3D	踽		足	157	9	U+8E3D
1570908E40	蹀		足	157	9	U+8E40
1571008E47	蹇		足	157	10	U+8E47
1571008E49	蹉		足	157	10	U+8E49
1571108E55	蹕		足	157	11	U+8E55
1571208E72	蹲		足	157	12	U+8E72
1571208E76	蹶		足	157	12	U+8E76
1571208E87	躇		足	157	12	U+8E87
1571408E8D	躍		足	157	14	U+8E8D
1571508E90	躐		足	157	15	U+8E90
1571508E94	躔		足	157	15	U+8E94
1571608EAA	躪		足	157	16	U+8EAA
1571708E9E	躞		足	157	17	U+8E9E
1580008EAB	身		身	158	0	U+8EAB
1580308EAC	躬		身	158	3	U+8EAC
1580308EB3	躳		身	158	3	U+8EB3
1590008ECA	車		車	159	0	U+8ECA
1590208ECC	軌		車	159	2	U+8ECC
1590308ED1	軑		車	159	3	U+8ED1
1590308ED2	軒		車	159	3	U+8ED2
1590508EF8	軸		車	159	5	U+8EF8
1590508EFC	軼		車	159	5	U+8EFC
1590608F03	較		車	159	6	U+8F03
1590608F05	輅		車	159	6	U+8F05
1590608F08	輈		車	159	6	U+8F08
1590608F0A	輊		車	159	6	U+8F0A
1590808F1E	輞		車	159	8	U+8F1E
1590808F26	輦		車	159	8	U+8F26
1591008F45	轅		車	159	10	U+8F45
1591108F46	轆		車	159	11	U+8F46
1600508F9C	辜		辛	160	5	U+8F9C
1600708FA3	辣		辛	160	7	U+8FA3
1620008FB5	辵		辵	162	0	U+8FB5
1620208FBB	辻		辵	162	2	U+8FBB
1620208FBC	込		辵	162	2	U+8FBC
162020908A	邊		辵	162	2	U+908A
1620308FC4	迄		辵	162	3	U+8FC4
1620408FD5	迕		辵	162	4	U+8FD5
1620508FEA	迪		辵	162	5	U+8FEA
1620508FEB	迫		辵	162	5	U+8FEB
1620508FED	迭		辵	162	5	U+8FED
1620508FF0	述		辵	162	5	U+8FF0
1620608FF5	迵		辵	162	6	U+8FF5
1620608FF7	迷		辵	162	6	U+8FF7
1620609000	退		辵	162	6	U+9000
1620609005	逅		辵	162	6	U+9005
162070900D	逍		辵	162	7	U+900D
1620709011	逑		辵	162	7	U+9011
1620709014	途		辵	162	7	U+9014
1620709016	逖		辵	162	7	U+9016
1620709019	這		辵	162	7	U+9019
162070901A	通		辵	162	7	U+901A
162070901E	逞		辵	162	7	U+901E
1620709020	造		辵	162	7	U+9020
1620709021	逡		辵	162	7	U+9021
1620709023	連		辵	162	7	U+9023
1620809031	週		辵	162	8	U+9031
1620809035	逵		辵	162	8	U+9035
1620908FBE	达		辵	162	9	U+8FBE
1620909042	遂		辵	162	9	U+9042
1620909051	遑		辵	162	9	U+9051
1620909053	道		辵	162	9	U+9053
1621009060	遠		辵	162	10	U+9060
1621109068	遨		辵	162	11	U+9068
162110906E	遮		辵	162	11	U+906E
16212066B9	暹		辵	162	12	U+66B9
1621208FC1	迁		辵	162	12	U+8FC1
1621209075	遵		辵	162	12	U+9075
162120907A	遺		辵	162	12	U+907A
1621209081	邁		辵	162	12	U+9081
1621309085	邅		辵	162	13	U+9085
1621409083	邃		辵	162	14	U+9083
1630009091	邑		邑	163	0	U+9091
1630309095	邕		邑	163	3	U+9095
1630309097	邗		邑	163	3	U+9097
1630309099	邙		邑	163	3	U+9099
163030909B	邛		邑	163	3	U+909B
16304090A1	邡		邑	163	4	U+90A1
16304090A2	邢		邑	163	4	U+90A2
16306090BE	邾		邑	163	6	U+90BE
16306090C1	郁		邑	163	6	U+90C1
16306090C3	郃		邑	163	6	U+90C3
16306090C5	郅		邑	163	6	U+90C5
16306090C8	郈		邑	163	6	U+90C8
16306090CA	郊		邑	163	6	U+90CA
16306090CE	郎		邑	163	6	U+90CE
16307090DB	郛		邑	163	7	U+90DB
16307090DD	郝		邑	163	7	U+90DD
16307090E1	郡		邑	163	7	U+90E1
16307090E2	郢		邑	163	7	U+90E2
16308090F2	郲		邑	163	8	U+90F2
16308090F4	郴		邑	163	8	U+90F4
16308090F5	郵		邑	163	8	U+90F5
16308090FD	都		邑	163	8	U+90FD
16310048B5	䢵		邑	163	10	U+48B5
1631009116	鄖		邑	163	10	U+9116
1631109118	鄘		邑	163	11	U+9118
163110911C	鄜		邑	163	11	U+911C
1631309134	鄴		邑	163	13	U+9134
163150913A	鄺		邑	163	15	U+913A
164020914A	酊		酉	164	2	U+914A
164030914D	配		酉	164	3	U+914D
164030914E	酎		酉	164	3	U+914E
1640409157	酗		酉	164	4	U+9157
1640409158	酘		酉	164	4	U+9158
1640509164	酤		酉	164	5	U+9164
1640509165	酥		酉	164	5	U+9165
1640609167	酧		酉	164	6	U+9167
1640609169	酩		酉	164	6	U+9169
164060916A	酪		酉	164	6	U+916A
164060916C	酬		酉	164	6	U+916C
1640709172	酲		酉	164	7	U+9172
1640709174	酴		酉	164	7	U+9174
1640709178	酸		酉	164	7	U+9178
1640909190	醐		酉	164	9	U+9190
1640909192	醒		酉	164	9	U+9192
16410091A2	醢		酉	164	10	U+91A2
16411091AC	醬		酉	164	11	U+91AC
16413091B4	醴		酉	164	13	U+91B4
16505091C9	釉		釆	165	5	U+91C9
16600091CC	里		里	166	0	U+91CC
16604057DC	埜		里	166	4	U+57DC
16604091CE	野		里	166	4	U+91CE
16605091CF	量		里	166	5	U+91CF
16611091D0	釐		里	166	11	U+91D0
16700091D1	金		金	167	0	U+91D1
16702091D8	釘		金	167	2	U+91D8
16702091DD	針		金	167	2	U+91DD
16703091E6	釦		金	167	3	U+91E6
16703091E7	釧		金	167	3	U+91E7
16703091EC	釬		金	167	3	U+91EC
16703091ED	釭		金	167	3	U+91ED
1670409201	鈁		金	167	4	U+9201
1670409210	鈐		金	167	4	U+9210
1670409214	鈔		金	167	4	U+9214
167050920E	鈎		金	167	5	U+920E
1670509237	鈷		金	167	5	U+9237
167050923F	鈿		金	167	5	U+923F
1670509244	鉄		金	167	5	U+9244
1670509245	鉅		金	167	5	U+9245
1670509249	鉉		金	167	5	U+9249
167050924B	鉋		金	167	5	U+924B
167050925E	鉞		金	167	5	U+925E
1670509262	鉢		金	167	5	U+9262
1670509265	鉥		金	167	5	U+9265
1670509266	鉦		金	167	5	U+9266
167050945B	鑛		金	167	5	U+945B
1670609278	鉸		金	167	6	U+9278
167060927F	鉿		金	167	6	U+927F
1670609283	銃		金	167	6	U+9283
1670609285	銅		金	167	6	U+9285
167060928D	銍		金	167	6	U+928D
1670609291	銑		金	167	6	U+9291
1670609293	銓		金	167	6	U+9293
1670609296	銖		金	167	6	U+9296
1670609297	銗		金	167	6	U+9297
1670609298	銘		金	167	6	U+9298
167060929B	銛		金	167	6	U+929B
167060929C	銜		金	167	6	U+929C
16706092E9	鋩		金	167	6	U+92E9
16707092B7	銷		金	167	7	U+92B7
16707092D9	鋙		金	167	7	U+92D9
16707092E5	鋥		金	167	7	U+92E5
16708092F8	鋸		金	167	8	U+92F8
16708092FC	鋼		金	167	8	U+92FC
1670809306	錆		金	167	8	U+9306
1670809315	錕		金	167	8	U+9315
167080931A	錚		金	167	8	U+931A
1670809320	錠		金	167	8	U+9320
1670809326	錦		金	167	8	U+9326
167080932E	錮		金	167	8	U+932E
167090934D	鍍		金	167	9	U+934D
1670909371	鍱		金	167	9	U+9371
1671009396	鎖		金	167	10	U+9396
16710093A1	鎡		金	167	10	U+93A1
16710093F5	鏵		金	167	10	U+93F5
16711093C8	鏈		金	167	11	U+93C8
16711093D6	鏖		金	167	11	U+93D6
16711093D7	鏗		金	167	11	U+93D7
16711093D8	鏘		金	167	11	U+93D8
16711093DE	鏞		金	167	11	U+93DE
1671209404	鐄		金	167	12	U+9404
167120940F	鐏		金	167	12	U+940F
1671509452	鑒		金	167	15	U+9452
167150945E	鑞		金	167	15	U+945E
1671709470	鑰		金	167	17	U+9470
1680009577	長		長	168	0	U+9577
1690009580	門		門	169	0	U+9580
1690309588	閈		門	169	3	U+9588
1690309589	閉		門	169	3	U+9589
169040958B	開		門	169	4	U+958B
169040958F	閏		門	169	4	U+958F
1690409591	閑		門	169	4	U+9591
1690409592	閒		門	169	4	U+9592
1690409593	間		門	169	4	U+9593
1690409594	閔		門	169	4	U+9594
16906095A3	閣		門	169	6	U+95A3
16906095A4	閤		門	169	6	U+95A4
16906095A9	閩		門	169	6	U+95A9
16906095DC	關		門	169	6	U+95DC
16907095AB	閫		門	169	7	U+95AB
16907095AC	閬		門	169	7	U+95AC
16907095AD	閭		門	169	7	U+95AD
1690809586	閆		門	169	8	U+9586
16909095C7	闇		門	169	9	U+95C7
16909095CD	闍		門	169	9	U+95CD
16910095D5	闕		門	169	10	U+95D5
1691009B2D	鬭		門	169	10	U+9B2D
170000961C	阜		阜	170	0	U+961C
1700309621	阡		阜	170	3	U+9621
1700409632	防		阜	170	4	U+9632
170060964B	陋		阜	170	6	U+964B
170060964C	陌		阜	170	6	U+964C
170070965E	陞		阜	170	7	U+965E
170070965F	陟		阜	170	7	U+965F
1700709661	陡		阜	170	7	U+9661
1700709664	除		阜	170	7	U+9664
1700805DAE	嶮		阜	170	8	U+5DAE
1700809670	陰		阜	170	8	U+9670
1700809676	陶		阜	170	8	U+9676
1700809678	陸		阜	170	8	U+9678
17008096AA	險		阜	170	8	U+96AA
170090967D	陽		阜	170	9	U+967D
170090968A	隊		阜	170	9	U+968A
170090968D	隍		阜	170	9	U+968D
1701009695	隕		阜	170	10	U+9695
1701009699	隙		阜	170	10	U+9699
17012096A4	隤		阜	170	12	U+96A4
17013096A7	隧		阜	170	13	U+96A7
17108096B8	隸		隶	171	8	U+96B8
17203096C0	雀		隹	172	3	U+96C0
17204096C7	雇		隹	172	4	U+96C7
17205096CA	雊		隹	172	5	U+96CA
17205096CD	雍		隹	172	5	U+96CD
17206096D2	雒		隹	172	6	U+96D2
17208096D5	雕		隹	172	8	U+96D5
17210096E3	難		隹	172	10	U+96E3
17300096E8	雨		雨	173	0	U+96E8
17303096EB	雫		雨	173	3	U+96EB
17304096EF	雯		雨	173	4	U+96EF
17304096F1	雱		雨	173	4	U+96F1
17304096F2	雲		雨	173	4	U+96F2
17305096F9	雹		雨	173	5	U+96F9
17305096FB	電		雨	173	5	U+96FB
1730709704	霄		雨	173	7	U+9704
1730809716	霖		雨	173	8	U+9716
173090971C	霜		雨	173	9	U+971C
1731009723	霣		雨	173	10	U+9723
1731209730	霰		雨	173	12	U+9730
1731309732	露		雨	173	13	U+9732
173140973E	霾		雨	173	14	U+973E
1731609742	靂		雨	173	16	U+9742
1740009752	青		青	174	0	U+9752
1740507AEB	竫		青	174	5	U+7AEB
1740509756	靖		青	174	5	U+9756
1740609759	静		青	174	6	U+9759
174070975A	靚		青	174	7	U+975A
1760009762	面		面	176	0	U+9762
1760709766	靦		面	176	7	U+9766
1770009769	革		革	177	0	U+9769
1770409774	靴		革	177	4	U+9774
17704097BE	鞾		革	177	4	U+97BE
177050977C	靼		革	177	5	U+977C
1770509784	鞄		革	177	5	U+9784
1770609788	鞈		革	177	6	U+9788
177060978F	鞏		革	177	6	U+978F
1770709798	鞘		革	177	7	U+9798
177080979A	鞚		革	177	8	U+979A
17709097A6	鞦		革	177	9	U+97A6
17709097B3	鞳		革	177	9	U+97B3
17713097C1	韁		革	177	13	U+97C1
17808097D4	韔		韋	178	8	U+97D4
17809097D8	韘		韋	178	9	U+97D8
17811097E0	韠		韋	178	11	U+97E0
18000097F3	音		音	180	0	U+97F3
18010097FB	韻		音	180	10	U+97FB
1810009801	頁		頁	181	0	U+9801
1810209802	頂		頁	181	2	U+9802
1810209803	頃		頁	181	2	U+9803
1810309805	項		頁	181	3	U+9805
1810309806	順		頁	181	3	U+9806
1810309808	須		頁	181	3	U+9808
181040980A	頊		頁	181	4	U+980A
1810409810	預		頁	181	4	U+9810
1810509816	頖		頁	181	5	U+9816
1810609821	頡		頁	181	6	U+9821
1810708CF4	賴		頁	181	7	U+8CF4
1810709837	頷		頁	181	7	U+9837
181070983D	頽		頁	181	7	U+983D
181090984D	額		頁	181	9	U+984D
181090986F	顯		頁	181	9	U+986F
1811009858	願		頁	181	10	U+9858
1811209867	顧		頁	181	12	U+9867
181130986B	顫		頁	181	13	U+986B
18205098AF	颯		風	182	5	U+98AF
18209098BA	颺		風	182	9	U+98BA
18402098E3	飣		食	184	2	U+98E3
18404098F2	飲		食	184	4	U+98F2
18405098FD	飽		食	184	5	U+98FD
1840609909	餉		食	184	6	U+9909
184060990C	餌		食	184	6	U+990C
1840709913	餓		食	184	7	U+9913
1840709915	餕		食	184	7	U+9915
184080991B	餛		食	184	8	U+991B
184090992C	餬		食	184	9	U+992C
1840909933	餳		食	184	9	U+9933
184100993C	餼		食	184	10	U+993C
1841109946	饆		食	184	11	U+9946
184120994B	饋		食	184	12	U+994B
1841309954	饔		食	184	13	U+9954
1841309955	饕		食	184	13	U+9955
1841309958	饘		食	184	13	U+9958
1850009996	首		首	185	0	U+9996
1850209997	馗		首	185	2	U+9997
1860009999	香		香	186	0	U+9999
18611099A8	馨		香	186	11	U+99A8
18702099AD	馭		馬	187	2	U+99AD
18703099B4	馴		馬	187	3	U+99B4
18704099B1	馱		馬	187	4	U+99B1
18704099B9	馹		馬	187	4	U+99B9
18705099D1	駑		馬	187	5	U+99D1
18705099D2	駒		馬	187	5	U+99D2
18705099DF	駟		馬	187	5	U+99DF
18706099EA	駪		馬	187	6	U+99EA
18706099EE	駮		馬	187	6	U+99EE
18706099F1	駱		馬	187	6	U+99F1
18707099FC	駼		馬	187	7	U+99FC
18707099FF	駿		馬	187	7	U+99FF
1870709A01	騁		馬	187	7	U+9A01
1870809A0A	騊		馬	187	8	U+9A0A
1870809A0B	騋		馬	187	8	U+9A0B
1870809A57	驗		馬	187	8	U+9A57
1871009A2B	騫		馬	187	10	U+9A2B
1871009A2D	騭		馬	187	10	U+9A2D
1871009A30	騰		馬	187	10	U+9A30
1871109A41	驁		馬	187	11	U+9A41
1871209A5A	驚		馬	187	12	U+9A5A
1871609A65	驥		馬	187	16	U+9A65
1880309AAD	骭		骨	188	3	U+9AAD
1880409AB0	骰		骨	188	4	U+9AB0
1880609AB9	骹		骨	188	6	U+9AB9
1880609ABC	骼		骨	188	6	U+9ABC
1881209AD2	髒		骨	188	12	U+9AD2
1900009ADF	髟		髟	190	0	U+9ADF
1900409AE3	髣		髟	190	4	U+9AE3
1900609AF9	髹		髟	190	6	U+9AF9
1900609AFB	髻		髟	190	6	U+9AFB
1900909B0D	鬍		髟	190	9	U+9B0D
1901209B1A	鬚		髟	190	12	U+9B1A
1901509B23	鬣		髟	190	15	U+9B23
1910009B25	鬥		鬥	191	0	U+9B25
1910609B28	鬨		鬥	191	6	U+9B28
1911609B2E	鬮		鬥	191	16	U+9B2E
1920009B2F	鬯		鬯	192	0	U+9B2F
1921909B31	鬱		鬯	192	19	U+9B31
1940409B42	魂		鬼	194	4	U+9B42
1940509B44	魄		鬼	194	5	U+9B44
1940809B4D	魍		鬼	194	8	U+9B4D
1950009B5A	魚		魚	195	0	U+9B5A
1950409B6F	魯		魚	195	4	U+9B6F
1950409B74	魴		魚	195	4	U+9B74
1950509B91	鮑		魚	195	5	U+9B91
1950609BA6	鮦		魚	195	6	U+9BA6
1950609BAA	鮪		魚	195	6	U+9BAA
1950609BAB	鮫		魚	195	6	U+9BAB
1950709BC0	鯀		魚	195	7	U+9BC0
1950709BC9	鯉		魚	195	7	U+9BC9
1950809BD6	鯖		魚	195	8	U+9BD6
1950809BDB	鯛		魚	195	8	U+9BDB
1950809BE4	鯤		魚	195	8	U+9BE4
1950809BE5	鯥		魚	195	8	U+9BE5
1950809BE8	鯨		魚	195	8	U+9BE8
1950909C08	鰈		魚	195	9	U+9C08
1950909C0D	鰍		魚	195	9	U+9C0D
1951009C23	鰣		魚	195	10	U+9C23
1951009C27	鰧		魚	195	10	U+9C27
1951109C31	鰱		魚	195	11	U+9C31
1951109C39	鰹		魚	195	11	U+9C39
1951109C45	鱅		魚	195	11	U+9C45
1951209C52	鱒		魚	195	12	U+9C52
1951209C56	鱖		魚	195	12	U+9C56
1951309C5F	鱟		魚	195	13	U+9C5F
1951309C63	鱣		魚	195	13	U+9C63
1951309C67	鱧		魚	195	13	U+9C67
1960209CE9	鳩		鳥	196	2	U+9CE9
1960209CEC	鳬		鳥	196	2	U+9CEC
1960309CF4	鳴		鳥	196	3	U+9CF4
1960409D07	鴇		鳥	196	4	U+9D07
1960509D1D	鴝		鳥	196	5	U+9D1D
1960509D1E	鴞		鳥	196	5	U+9D1E
1960509D23	鴣		鳥	196	5	U+9D23
1960509D2B	鴫		鳥	196	5	U+9D2B
1960609D3B	鴻		鳥	196	6	U+9D3B
1960609D3F	鴿		鳥	196	6	U+9D3F
1960609D41	鵁		鳥	196	6	U+9D41
1960609D42	鵂		鳥	196	6	U+9D42
1960709D50	鵐		鳥	196	7	U+9D50
1960709D5D	鵝		鳥	196	7	U+9D5D
1960809D73	鵳		鳥	196	8	U+9D73
1960809D7A	鵺		鳥	196	8	U+9D7A
1960809D84	鶄		鳥	196	8	U+9D84
1960809D8A	鶊		鳥	196	8	U+9D8A
1960909D7E	鵾		鳥	196	9	U+9D7E
1960909D96	鶖		鳥	196	9	U+9D96
1960909DC0	鷀		鳥	196	9	U+9DC0
1961109DD3	鷓		鳥	196	11	U+9DD3
1961209DF4	鷴		鳥	196	12	U+9DF4
1961209DFA	鷺		鳥	196	12	U+9DFA
1961309DFD	鷽		鳥	196	13	U+9DFD
1961309E07	鸇		鳥	196	13	U+9E07
1970009E75	鹵		鹵	197	0	U+9E75
1971009E7A	鹺		鹵	197	10	U+9E7A
1971309E7C	鹼		鹵	197	13	U+9E7C
1980009E7F	鹿		鹿	198	0	U+9E7F
1980209E80	麀		鹿	198	2	U+9E80
1980609E8B	麋		鹿	198	6	U+9E8B
1980709E8C	麌		鹿	198	7	U+9E8C
1980809E93	麓		鹿	198	8	U+9E93
1981009E9D	麝		鹿	198	10	U+9E9D
1990009EA5	麥		麥	199	0	U+9EA5
1990909EAA	麪		麥	199	9	U+9EAA
1990909EB5	麵		麥	199	9	U+9EB5
2010009EC4	黄		黄	201	0	U+9EC4
2011309ECC	黌		黄	201	13	U+9ECC
2020009ECD	黍		黍	202	0	U+9ECD
2030009ED1	黑		黑	203	0	U+9ED1
2030409ED4	黔		黑	203	4	U+9ED4
2030409ED8	默		黑	203	4	U+9ED8
2030509EDC	黜		黑	203	5	U+9EDC
2030609EE0	黠		黑	203	6	U+9EE0
2030809EE5	黥		黑	203	8	U+9EE5
2030909EEF	黯		黑	203	9	U+9EEF
2031509EF7	黷		黑	203	15	U+9EF7
2051109C32	鰲		黽	205	11	U+9C32
2051109F07	鼇		黽	205	11	U+9F07
2060009F0E	鼎		鼎	206	0	U+9F0E
2070009F13	鼓		鼓	207	0	U+9F13
2070509F15	鼕		鼓	207	5	U+9F15
2080009F20	鼠		鼠	208	0	U+9F20
2080509F2C	鼬		鼠	208	5	U+9F2C
2080709F2F	鼯		鼠	208	7	U+9F2F
2090009F3B	鼻		鼻	209	0	U+9F3B
2090309F3E	鼾		鼻	209	3	U+9F3E
2090509F41	齁		鼻	209	5	U+9F41
2110209F54	齔		齒	211	2	U+9F54
2110309F55	齕		齒	211	3	U+9F55
2110409F58	齘		齒	211	4	U+9F58
2110609F69	齩		齒	211	6	U+9F69
2110709F6A	齪		齒	211	7	U+9F6A
2110709F6C	齬		齒	211	7	U+9F6C
2110909F72	齲		齒	211	9	U+9F72
2111509F52	齒		齒	211	15	U+9F52
2120609F94	龔		龍	212	6	U+9F94
2120609F95	龕		龍	212	6	U+9F95
2130009F9C	龜		龜	213	0	U+9F9C
2140009FA0	龠		龠	214	0	U+9FA0
